"Infiltration","Cultivar","Seed_treatment","Tillage_type","Numb_weeding","Numb_postHarv_herb","Numb_rastreo","Numb_preSow_herb","Numb_fertilizations","Numb_applic_foliar","Numb_applic_biofer","Num_postSow_herb","Numb_insecticides","Total_nitrogen","Total_phosphorus","Total_potassium","Clay","Silt","OM","CEC","Basis_saturation","Avg_min_temp","Avg_diurn_range","Acc_sol_energy","Freq_days_maxTemp_34","Acc_precipitation","Freq_days_minTemp_8","Avg_relative_humidiy","SD_relative_humidiy","Yield"
"D4","OTRAS","S1","LabCeroMin",0,0,1,1,2,0,1,3,2,187.6653,0,0,28,20,0.820993804,16.16617467,76.60158586,19.39888889,11.53847953,76817.73,0,2.8,0,85.85602339,3.655242083,7
"D2","OTRAS","S0","AgrCons",0,0,0,1,2,0,0,1,1,101.68,0,0,44,20,1.019558155,32.35618467,91.24216594,19.07682796,11.87806452,83266.59,0,2.8,0,85.44317204,3.832182519,6.2
"D4","OTRAS","S0","LabConvTra",0,0,1,1,2,0,1,2,1,147,23,0,28,20,0.820993804,16.16617467,76.60158586,19.50568729,11.36212041,69145.69572,0.018518519,598.59,0,81.15268238,4.657266545,2
"D2","OTRAS","S0","LabConvTra",0,0,0,1,3,0,0,1,1,148.9,46,30,44,20,1.019558155,32.35618467,91.24216594,14.484,10.42685714,83290.96,0,561.1,0,82.87371429,4.986175305,3.2
"D2","OTRAS","S0","LabCeroMin",0,0,0,1,3,0,0,1,1,148.9,46,30,44,20,1.019558155,32.35618467,91.24216594,14.484,10.42685714,83290.96,0,561.1,0,82.87371429,4.986175305,3.5
"D4","OTRAS","S1","AgrCons",0,0,0,0,2,0,1,3,0,112.75,0,0,26,26,1.175022481,18.15067472,83.421327,18.533375,12.1955,70144.53,0.00625,2.6,0,85.080375,4.417190104,0.02
"D4","OTRAS","S1","LabConvTra",0,0,0,1,2,0,0,2,2,76.75,0,48,17,27,1.639947917,14.93588542,58.11372396,19.79744828,11.51006897,66731.66,0,2.8,0,86.00324138,3.525871816,5.32
"D4","OTRAS","S1","AgrCons",0,0,0,1,2,0,1,2,2,87,46,0,17,27,1.639947917,14.93588542,58.11372396,19.79680556,11.49895833,66223.05,0,2.8,0,86.046875,3.498672969,6.09
"D4","OTRAS","S1","LabConvTra",0,0,0,1,2,0,0,2,1,120.25,0,0,26,26,1.175022481,18.15067472,83.421327,19.7475,11.50371622,67980.33,0,2.8,0,85.96945946,3.484350784,5.81
"D4","OTRAS","S1","AgrCons",0,0,0,1,2,0,1,2,1,64,46,0,26,26,1.175022481,18.15067472,83.421327,19.7475,11.50371622,67980.33,0,2.8,0,85.96945946,3.484350784,5.65
"D4","OTRAS","S1","LabConvTra",0,0,0,1,2,0,0,3,1,69,0,0,26,26,1.175022481,18.15067472,83.421327,19.75007463,11.51432836,61732.22,0,2.6,0,86.1230597,3.563479593,5.11
"D4","OTRAS","S1","AgrCons",0,0,0,1,1,0,1,3,1,34.5,0,0,26,26,1.175022481,18.15067472,83.421327,19.75007463,11.51432836,61732.22,0,2.6,0,86.1230597,3.563479593,4.98
"D2","OTRAS","S1","LabConvTra",0,0,0,1,2,0,0,2,1,181,6,0,44,20,1.019558155,32.35618467,91.24216594,19.77733333,11.4932,69078.07,0,2.8,0,85.93393333,3.602382488,5.02
"D2","OTRAS","S1","AgrCons",0,0,0,1,2,0,1,2,1,181,6,0,44,20,1.019558155,32.35618467,91.24216594,19.77733333,11.4932,69078.07,0,2.8,0,85.93393333,3.602382488,5.02
"D4","OTRAS","S0","AgrCons",0,0,0,2,2,0,1,1,0,41,0,0,17,27,1.639947917,14.93588542,58.11372396,19.00747967,11.49162602,53406.43,0,2.4,0,86.43235772,3.595166628,4
"D4","OTRAS","S1","AgrCons",0,0,0,0,2,0,1,3,0,112.75,0,0,26,26,1.175022481,18.15067472,83.421327,18.533375,12.1955,70144.53,0.00625,2.6,0,85.080375,4.417190104,3.5
"D4","OTRAS","S0","AgrCons",0,0,0,2,2,0,0,1,1,123,0,0,26,26,1.175022481,18.15067472,83.421327,19.05792308,11.52553846,57245.89,0,2.6,0,86.23638462,3.653416582,5
"D4","OTRAS","S0","LabConvTra",0,0,0,1,1,0,0,1,0,45,115,0,22,22,1.167548805,22.4036886,94.37760732,17.0627027,13.49567568,65444.54827,0.032432432,351.2,0,77.81227027,7.181806439,3.7
"D4","CRIOLLO","S0","LabConvTra",0,0,0,1,1,0,0,1,1,115,0,0,30,26,9.0025,41.59819444,81.60180556,17.81956522,12.33695652,69508.68356,0.005434783,2383.4,0,74.30880435,9.614299669,2.8
"D4","CRIOLLO","S0","AgrCons",0,0,0,1,2,0,0,1,1,184,0,0,30,26,9.0025,41.59819444,81.60180556,17.97486034,12.17765363,67483.61356,0.005586592,2383.4,0,74.67284916,9.476959477,4
"D4","CRIOLLO","S0","LabConvTra",0,0,0,1,1,0,0,1,1,92,0,0,30,26,9.0025,41.59819444,81.60180556,17.61242604,12.57159763,64869.50356,0.00591716,1896,0,73.78715976,9.741766193,2
"D4","CRIOLLO","S0","AgrCons",0,0,0,1,2,1,0,1,1,115,0,0,30,26,9.0025,41.59819444,81.60180556,18.10325086,12.0931876,68233.76227,0.005555556,2508.8,0,74.91444419,9.273234038,3.5
"D4","CRIOLLO","S0","LabCeroMin",0,0,0,1,1,1,0,1,0,50.3647,0.08,0.06,22,22,1.167548805,22.4036886,94.37760732,18.47178513,9.561283824,48932.52038,0,1550.2,0,82.68842678,4.128907276,2.2
"D4","CRIOLLO","S0","LabConvTra",1,0,0,1,1,0,0,1,0,24,24,24,21,25,0.971386385,19.30618019,85.36964401,17.18205128,13.37487179,68502.34827,0.030769231,402.4,0,77.97933333,7.194503419,4
"D4","CRIOLLO","S1","LabCeroMin",0,0,0,1,1,0,0,2,1,92,0,0,29,22,2.958520648,27.59935301,84.78686529,18.69902315,8.981259198,48205.76964,0,1501.8,0,88.25325139,6.985407924,0.9
"D4","CRIOLLO","S1","LabCeroMin",0,0,0,1,2,0,0,1,3,161,0,0,29,22,2.958520648,27.59935301,84.78686529,18.69902315,8.981259198,48205.76964,0,1501.8,0,88.25325139,6.985407924,1.5
"D4","CRIOLLO","S0","LabCeroMin",0,0,0,1,2,0,0,2,3,193,23,0,29,22,2.958520648,27.59935301,84.78686529,18.55895425,8.910473355,59752.50396,0,2005.4,0,88.11036962,6.712825248,1.3
"D4","CRIOLLO","S0","LabConvTra",1,0,0,1,1,0,0,0,1,63,17,17,29,22,2.958520648,27.59935301,84.78686529,14.91282051,10.37051282,75322.73,0,607.3,0,82.99596154,5.187780155,3
"D4","CRIOLLO","S0","LabConvTra",0,1,0,1,2,1,0,1,1,184,0.225,0.24,29,18,0.967090278,16.73567361,84.83472222,14.30883978,10.64585635,86258.55,0,552.1,0,82.62364641,5.023691313,3.7
"D3","CRIOLLO","S1","LabCeroMin",0,0,0,1,2,0,0,1,1,138,0,0,5,12,0.266354167,4.31,75.955,19.83329412,10.18152941,69610.42,0.017647059,296.86,0,80.07676471,4.27201276,3.5
"D4","CRIOLLO","S0","LabConvTra",0,1,0,1,2,1,0,1,1,138,0.225,0.24,29,18,0.967090278,16.73567361,84.83472222,14.23965517,10.65402299,83078.44,0,544.7,0,82.63114943,5.096197024,2.9
"D3","CRIOLLO","S1","LabConvTra",0,0,1,0,2,0,0,2,1,161,0,0,5,12,0.266354167,4.31,75.955,20.12368421,9.980921053,63015.33,0.019736842,272.86,0,80.39756579,4.265855348,3.5
"D4","CRIOLLO","S0","LabConvTra",0,1,0,1,2,0,0,1,1,92,0,0,16,17,0.837641723,8.636989795,70.3473167,14.29770115,10.61149425,83010.29,0,544.7,0,82.67931034,5.073583471,2.1
"D4","CRIOLLO","S0","LabConvTra",0,1,0,0,2,0,0,1,1,138,0,0,29,18,0.967090278,16.73567361,84.83472222,14.12469136,10.75555556,77374.12,0,492.6,0,82.58969136,5.170784078,2.3
"D4","CRIOLLO","S0","LabConvTra",0,1,0,1,2,0,0,1,1,138,0,0,29,18,0.967090278,16.73567361,84.83472222,14.26306818,10.67613636,84037.17,0,546,0,82.62625,5.086692063,2.4
"D2","CRIOLLO","S0","LabConvTra",1,0,0,0,1,0,0,1,0,115,0,0,44,20,1.019558155,32.35618467,91.24216594,14.51497585,10.81884058,98166.79,0,724.5,0,82.27922705,5.375858963,1.8
"D2","CRIOLLO","S0","LabConvTra",0,0,0,0,1,0,0,1,0,115,0,0,44,20,1.019558155,32.35618467,91.24216594,14.23142857,10.664,83616.01,0,544.7,0,82.60754286,5.09111839,1.8
"D4","CRIOLLO","S0","LabConvTra",0,0,0,0,1,0,0,1,0,115,0,0,36,22,4.615736459,38.17437609,89.12754397,14.47912621,10.77572816,97667.16,0,702.3,0,82.35597087,5.280153987,1.8
"D3","CRIOLLO","S0","LabConvTra",0,0,0,0,1,0,0,1,0,115,0,0,49,21,1.839676435,17.86984127,61.47150794,14.6921875,10.5640625,91042.53,0,702.3,0,82.63421875,5.298156097,1.8
"D3","CRIOLLO","S0","LabConvTra",0,0,0,0,1,0,0,1,0,115,0,0,49,21,1.839676435,17.86984127,61.47150794,14.56461538,10.61538462,92403.74,0,688.4,0,82.59030769,5.248253996,1.8
"D4","CRIOLLO","S1","LabConvTra",0,0,0,1,1,0,0,1,0,92,0,0,28,20,0.820993804,16.16617467,76.60158586,14.56791667,11.03583333,113923.73,0,788.5,0,81.52658333,6.012772667,1.5
"D4","CRIOLLO","S0","LabConvTra",0,0,0,1,1,0,0,1,0,92,0,0,28,20,0.820993804,16.16617467,76.60158586,14.58016194,11.08744939,117224.6,0,826.7,0,81.51246964,5.930215654,1.5
"D4","CRIOLLO","S0","LabConvTra",0,0,0,1,1,0,0,2,1,92,0,0,28,20,0.820993804,16.16617467,76.60158586,14.56791667,11.03583333,113923.73,0,788.5,0,81.52658333,6.012772667,1.5
"D4","CRIOLLO","S0","LabConvTra",0,0,1,1,1,0,0,1,1,92,0,0,28,20,0.820993804,16.16617467,76.60158586,14.56791667,11.03583333,113923.73,0,788.5,0,81.52658333,6.012772667,1.5
"D3","CRIOLLO","S0","LabConvTra",0,0,0,1,1,0,0,1,1,92,0,0,49,21,1.839676435,17.86984127,61.47150794,14.57632653,11.10367347,116233.36,0,826.7,0,81.52159184,5.95357183,1.5
"D4","CRIOLLO","S0","LabConvTra",0,0,0,1,1,0,0,1,1,92,0,0,28,20,0.820993804,16.16617467,76.60158586,14.57632653,11.10367347,116233.36,0,826.7,0,81.52159184,5.95357183,1.5
"D4","CRIOLLO","S0","LabConvTra",0,0,0,1,1,0,0,1,1,92,0,0,28,20,0.820993804,16.16617467,76.60158586,14.57632653,11.10367347,116233.36,0,826.7,0,81.52159184,5.95357183,1.5
"D4","CRIOLLO","S0","LabConvTra",0,0,0,1,1,0,0,1,1,92,0,0,28,20,0.820993804,16.16617467,76.60158586,14.56791667,11.03583333,113923.73,0,788.5,0,81.52658333,6.012772667,1.5
"D4","CRIOLLO","S0","LabConvTra",0,0,0,0,1,0,0,1,1,92,0,0,28,20,0.820993804,16.16617467,76.60158586,14.57632653,11.10367347,116233.36,0,826.7,0,81.52159184,5.95357183,1.5
"D2","CRIOLLO","S0","LabConvTra",1,0,0,0,1,0,0,1,0,55,23,0,44,20,1.019558155,32.35618467,91.24216594,15.28245614,10.73157895,82911.78,0,691.5,0,81.98152047,5.704320037,1.19
"D3","OTRAS","S0","LabConvTra",0,0,0,1,2,0,0,3,2,15.0675,0,0,49,21,1.839676435,17.86984127,61.47150794,14.53920705,10.84669604,107192.97,0,751.4,0,81.99361233,5.459407014,1.1
"D4","CRIOLLO","S0","AgrCons",0,0,0,1,2,0,0,1,1,115,0,0,30,26,9.0025,41.59819444,81.60180556,18.18364746,12.29415952,76321.68049,0.040609137,2780.8,0,74.1109799,9.612112462,3
"D4","CRIOLLO","S0","AgrCons",0,0,0,1,2,0,0,1,1,161,0,0,30,26,9.0025,41.59819444,81.60180556,18.07126437,12.06149425,65742.94356,0.005747126,2383.4,0,74.98867816,9.369238807,3.5
"D4","CRIOLLO","S0","AgrCons",0,0,0,1,2,0,0,1,1,138,0,0,30,26,9.0025,41.59819444,81.60180556,18.06647727,12.07670455,66423.96356,0.005681818,2416.8,0,74.95375,9.334950463,3.05
"D4","CRIOLLO","S0","AgrCons",1,0,0,1,2,0,0,1,1,161,0,0,30,26,9.0025,41.59819444,81.60180556,18.0701125,12.16098149,70165.4613,0.005405405,2547.6,0,74.74197783,9.398544018,3.51
"D4","CRIOLLO","S0","AgrCons",0,0,0,1,2,0,0,1,1,161,0,0,30,26,9.0025,41.59819444,81.60180556,18.14718206,12.28160259,75631.50744,0.030612245,2762,0,74.21430014,9.545091814,3.51
"D4","CRIOLLO","S0","AgrCons",0,0,0,1,2,0,0,1,1,161,0,0,30,26,9.0025,41.59819444,81.60180556,18.10625,12.04375,66524.26356,0.005681818,2449.8,0,75.03818182,9.331529906,3.02
"D4","CRIOLLO","S0","AgrCons",0,0,0,1,2,0,0,1,1,138,0,0,30,26,9.0025,41.59819444,81.60180556,17.98522727,12.15795455,66426.08356,0.005681818,2350.4,0,74.76357955,9.486329727,3.03
"D4","CRIOLLO","S0","LabCeroMin",0,0,0,1,1,1,0,1,1,73.3647,0.08,0.06,24,29,3.444427351,25.2968481,94.67027638,18.92734511,9.491899931,45974.88038,0.00591716,1601,0,82.91666758,4.066705631,2.5
"D4","CRIOLLO","S0","LabCeroMin",0,1,0,0,1,0,0,3,2,30.75,0,0,28,20,0.820993804,16.16617467,76.60158586,14.5545082,11.02295082,115773.28,0,775.8,0,81.44233607,5.974468989,1.2
"D3","CRIOLLO","S0","LabCeroMin",0,0,0,1,2,0,0,2,0,170.18,23.46,0,49,21,1.839676435,17.86984127,61.47150794,14.72318182,10.92090909,104761.29,0,756.6,0,81.67059091,6.110897678,1
"D2","CRIOLLO","S0","LabConvTra",0,0,0,1,2,0,0,1,1,101,23,0,44,20,1.019558155,32.35618467,91.24216594,14.96616541,10.35338346,65286.55,0,480.5,0,82.73150376,5.241106825,1.2
"D2","CRIOLLO","S0","LabConvTra",0,0,0,0,2,0,0,1,1,110,46,0,44,20,1.019558155,32.35618467,91.24216594,14.76914286,10.50685714,83245.19,0,681.2,0,82.90982857,5.301734424,1.3
"D2","CRIOLLO","S0","LabConvTra",0,0,0,0,2,0,0,1,1,94,34.5,0,44,20,1.019558155,32.35618467,91.24216594,14.78670886,10.40379747,76204.11,0,546.3,0,82.95474684,5.127921159,1.3
"D4","CRIOLLO","S0","LabConvTra",0,0,0,0,2,0,0,2,1,117,34.5,0,28,20,0.820993804,16.16617467,76.60158586,14.76774194,10.44064516,75078.34,0,536,0,82.86890323,5.117993287,1.25
"D2","CRIOLLO","S0","LabConvTra",0,0,0,0,2,0,0,2,1,105.5,34.5,0,44,20,1.019558155,32.35618467,91.24216594,14.59828571,10.36457143,83254.96,0,619.7,0,83.12811429,5.079027125,1.35
"D2","CRIOLLO","S0","LabConvTra",1,0,0,1,2,0,0,1,1,105.5,34.5,0,44,20,1.019558155,32.35618467,91.24216594,14.62268041,10.56082474,91821.81,0,688.4,0,82.62969072,5.240566843,1.3
"D2","CRIOLLO","S0","LabConvTra",0,0,0,1,2,0,0,1,1,124,23,0,44,20,1.019558155,32.35618467,91.24216594,14.75,10.51306818,83777.99,0,681.2,0,82.90386364,5.287157147,1.3
"D4","CRIOLLO","S0","LabConvTra",0,1,0,0,2,0,0,1,1,110,46,0,16,17,0.837641723,8.636989795,70.3473167,14.84416244,10.76598985,93901.76,0,725.7,0,82.24213198,5.558491438,1.5
"D4","CRIOLLO","S0","LabConvTra",0,1,0,0,1,0,0,1,1,138,0,0,16,17,0.837641723,8.636989795,70.3473167,14.12,10.761875,76377.34,0,492.6,0,82.628375,5.190269426,2.5
"D2","CRIOLLO","S0","LabConvTra",0,0,0,0,2,0,0,1,1,117,34.5,0,44,20,1.019558155,32.35618467,91.24216594,15.04408602,10.76666667,89344.84,0,720.8,0,82.02596774,5.625319054,1.3
"D2","CRIOLLO","S0","LabConvTra",1,0,0,0,2,0,0,1,1,94,34.5,0,44,20,1.019558155,32.35618467,91.24216594,14.46184971,10.43641618,82354.81,0,552.1,0,82.8350289,4.978861786,1.17
"D4","CRIOLLO","S0","LabConvTra",1,0,0,0,2,0,0,0,1,82,0,0,29,22,2.958520648,27.59935301,84.78686529,14.64814815,10.50846561,89526.18,0,688.4,0,82.68693122,5.289265032,1.2
"D4","CRIOLLO","S0","LabConvTra",0,1,0,0,1,0,0,1,1,138,0,0,29,22,2.958520648,27.59935301,84.78686529,14.19272727,10.66787879,79006.87,0,502.6,0,82.5970303,5.134101938,2.8
"D4","CRIOLLO","S0","LabConvTra",0,1,0,0,1,0,0,1,1,138,0,0,16,17,0.837641723,8.636989795,70.3473167,14.15414013,10.7044586,74897.49,0,492.6,0,82.70738854,5.188168387,2.5
"D4","CRIOLLO","S0","LabConvTra",0,1,0,0,1,0,0,1,1,138,0,0,16,17,0.837641723,8.636989795,70.3473167,14.1516129,10.70129032,73715.48,0,483.7,0,82.77683871,5.183061793,3
"D4","CRIOLLO","S0","LabConvTra",0,1,0,0,2,0,0,0,1,156,46,0,16,17,0.837641723,8.636989795,70.3473167,14.22960894,10.67765363,85463.49,0,544.7,0,82.5122905,5.111091245,2.5
"D2","CRIOLLO","S0","LabConvTra",0,1,0,0,1,0,0,0,0,138,0,0,44,20,1.019558155,32.35618467,91.24216594,14.138125,10.733125,76341.75,0,492.6,0,82.63325,5.187876839,3
"D2","CRIOLLO","S0","LabConvTra",0,1,0,1,1,0,0,1,1,138,0,0,44,20,1.019558155,32.35618467,91.24216594,14.18343195,10.68461538,80981.23,0,502.9,0,82.5408284,5.117217252,3
"D4","CRIOLLO","S0","LabConvTra",0,0,0,0,2,0,0,1,1,105.5,34.5,0,16,17,0.837641723,8.636989795,70.3473167,15.27283951,10.69506173,79239.53,0,661.1,0,81.89290123,5.80714089,1.4
"D4","CRIOLLO","S0","LabConvTra",0,1,0,0,2,0,0,1,1,106.4,36.8,0,16,17,0.837641723,8.636989795,70.3473167,15.28,10.6875,78252.18,0,661.1,0,81.9039375,5.817533798,1.5
"D2","CRIOLLO","S0","LabConvTra",0,1,0,0,2,0,0,1,0,105.5,34.5,0,44,20,1.019558155,32.35618467,91.24216594,15.27283951,10.69506173,79239.53,0,661.1,0,81.89290123,5.80714089,1.5
"D2","CRIOLLO","S0","LabConvTra",0,1,0,0,2,0,0,1,0,105.5,34.5,0,44,20,1.019558155,32.35618467,91.24216594,15.01485714,10.65828571,84243.2,0,698.5,0,82.26988571,5.544484884,1.5
"D2","CRIOLLO","S0","LabConvTra",0,1,0,0,2,0,0,1,1,105.5,34.5,0,44,20,1.019558155,32.35618467,91.24216594,15.27515528,10.70621118,78850.87,0,661.1,0,81.86838509,5.816844172,1.8
"D4","CRIOLLO","S0","LabConvTra",0,0,0,0,2,0,0,0,1,92,0,0,29,22,2.958520648,27.59935301,84.78686529,14.13316583,10.57839196,94430.19,0,557,0,82.26623116,5.070989819,1.3
"D4","CRIOLLO","S0","LabConvTra",0,0,0,0,2,0,0,1,1,92,0,0,29,22,2.958520648,27.59935301,84.78686529,14.44011299,10.48757062,84284.38,0,561.1,0,82.82225989,4.98527747,1.2
"D4","CRIOLLO","S0","LabConvTra",1,0,0,0,2,0,0,0,1,92,0,0,29,22,2.958520648,27.59935301,84.78686529,14.46610169,10.45254237,84120.2,0,569,0,82.88966102,5.030203536,1.3
"D2","CRIOLLO","S0","LabConvTra",0,0,0,0,2,0,0,1,1,101,23,0,44,20,1.019558155,32.35618467,91.24216594,13.670625,10.93625,74214.65,0,416,0.00625,82.4179375,5.425494801,1.3
"D2","CRIOLLO","S0","LabConvTra",0,0,0,0,2,0,0,1,1,93.6,27.6,0,44,20,1.019558155,32.35618467,91.24216594,14.45464481,10.47650273,86898.07,0,615.1,0,82.95054645,5.001568845,1.15
"D2","CRIOLLO","S0","LabConvTra",1,0,0,0,2,0,0,0,1,92,0,0,44,20,1.019558155,32.35618467,91.24216594,14.60218579,10.40765027,86533.26,0,682.1,0,82.97480874,5.091408929,1.25
"D4","CRIOLLO","S0","LabConvTra",0,1,0,0,1,0,0,1,1,138,0,0,29,18,0.967090278,16.73567361,84.83472222,14.29119497,10.52201258,75988.39,0,499.5,0,82.77830189,5.084785472,2.5
"D2","CRIOLLO","S0","LabConvTra",0,1,0,0,1,0,0,1,1,64,46,0,44,20,1.019558155,32.35618467,91.24216594,15.15497076,10.73216374,83122.11,0,661.1,0,81.93497076,5.703277321,1.5
"D4","CRIOLLO","S0","LabConvTra",0,1,0,0,2,0,0,1,0,110,46,0,16,17,0.837641723,8.636989795,70.3473167,15.19570552,10.60736196,79248.06,0,660,0,82.20202454,5.597004177,1.6
"D2","CRIOLLO","S0","LabConvTra",0,1,0,0,1,0,0,1,1,64,46,0,44,20,1.019558155,32.35618467,91.24216594,15.3172619,10.76130952,81832.99,0,691.5,0,81.78083333,6.023718232,2
"D4","CRIOLLO","S0","LabConvTra",0,2,0,0,2,0,0,2,0,165,69,0,29,22,2.958520648,27.59935301,84.78686529,14.8575,11.68875,118953.4,0,840,0,79.76291667,7.419393438,2
"D2","CRIOLLO","S0","LabCeroMin",0,0,0,1,2,0,0,1,1,55,23,0,47,22,1.649208333,33.06071875,94.03358333,14.22513661,10.62896175,87067.55,0,549.2,0,82.55344262,5.115587004,1.1
"D4","CRIOLLO","S0","AgrCons",0,0,0,1,2,0,0,1,1,138,0,0,30,26,9.0025,41.59819444,81.60180556,18.20502298,12.35846862,80652.59148,0.057692308,2864.6,0,73.75906885,9.809641103,3.1
"D4","CRIOLLO","S0","LabCeroMin",0,0,0,1,1,1,0,1,0,33.6147,0.08,0.06,22,22,1.167548805,22.4036886,94.37760732,17.80114675,10.09497973,52224.66038,0,1411,0.005181347,82.26314415,4.642467454,2
"D4","CRIOLLO","S0","LabCeroMin",0,0,0,1,1,1,0,1,0,46.1147,0.08,0.06,22,22,1.167548805,22.4036886,94.37760732,18.31116753,9.768680046,49483.44038,0,1515,0.005524862,82.49909846,4.305202645,2.5
"D4","CRIOLLO","S1","LabCeroMin",0,0,0,1,2,1,0,1,0,79.5,0,0,22,22,1.167548805,22.4036886,94.37760732,18.19320849,10.12478369,54776.16038,0.009852217,1612.2,0.004926108,82.08643754,4.588666263,2
"D2","CRIOLLO","S0","LabConvTra",0,0,0,1,1,0,0,1,0,138,0,0,44,20,1.019558155,32.35618467,91.24216594,15.38866667,10.70666667,73689.92,0,658.7,0,81.5868,5.892234831,1.1
"D2","CRIOLLO","S0","LabConvTra",1,0,0,0,1,0,0,1,1,69,0,0,44,20,1.019558155,32.35618467,91.24216594,15.28258427,11.23202247,87581.06,0,763.4,0,81.02842697,6.56199465,1
"D2","CRIOLLO","S1","LabConvTra",1,0,0,1,1,0,0,0,1,78,23,0,44,20,1.019558155,32.35618467,91.24216594,14.97699115,11.5539823,111910.52,0,801.8,0,79.96075221,7.198136108,1.4
"D4","CRIOLLO","S0","LabConvTra",0,0,0,1,1,0,0,1,0,72.5,72.5,72.5,22,22,1.167548805,22.4036886,94.37760732,17.27376238,13.27029703,70761.79827,0.02970297,411.4,0,78.06455446,7.151582092,3
"D4","CRIOLLO","S0","LabCeroMin",0,0,0,1,1,0,0,2,1,78,23,0,24,29,3.444427351,25.2968481,94.67027638,17.31459459,13.24972973,65624.43827,0.032432432,389,0,78.3587027,6.784059997,3.8
"D4","OTRAS","S0","LabConvTra",0,0,0,1,1,0,0,1,0,36,92,0,22,22,1.167548805,22.4036886,94.37760732,17.32903226,13.23333333,65871.14827,0.032258065,398.6,0,78.39548387,6.784270443,3
"D4","OTRAS","S1","LabConvTra",0,0,1,0,2,0,0,2,1,124,23,30,24,29,3.444427351,25.2968481,94.67027638,18.52097884,8.843800698,54326.56657,0,1749,0,87.91613006,6.855666553,4.5
"D4","OTRAS","S0","AgrCons",0,1,1,1,2,1,0,1,1,156.075,46,30,30,23,1.060127903,21.11588415,74.6068042,18.41218644,11.13610326,89194.70999,0.022624434,258.67,0.009049774,78.43644782,5.513768065,5
"D4","OTRAS","S1","AgrCons",0,1,1,0,2,0,0,2,1,188,69,0,27,24,1.67,21.16875,63.22875,19.91894946,9.512823452,59544.74751,0.048192771,5993.6,0,85.2286689,4.684371967,4
"D4","DEKAL","S0","LabCeroMin",0,0,0,1,2,2,0,2,2,217.08,23.765,0.585,24,29,3.444427351,25.2968481,94.67027638,17.17090909,13.28727273,58057.98827,0.036363636,324.6,0,78.43781818,6.931287414,4.2
"D4","DEKAL","S1","LabConvTra",0,1,1,0,2,0,0,2,2,165,69,0,18,30,0.796704498,16.17555298,82.78892056,20.79481366,10.90721412,56517.59178,0.066666667,9144.4,0.006060606,73.2433865,11.51525451,3.9
"D4","DEKAL","S1","AgrCons",0,1,1,0,3,0,0,2,2,188,69,0,18,30,0.796704498,16.17555298,82.78892056,20.68643229,11.10490616,62532.25725,0.067039106,9183.8,0.005586592,73.72339782,10.94410793,4
"D4","DEKAL","S1","AgrCons",0,1,1,0,3,0,0,2,2,165,69,0,18,30,0.796704498,16.17555298,82.78892056,20.69701467,11.12880485,64692.93608,0.076086957,9184.4,0.005434783,73.66773299,10.9689879,6
"D4","DEKAL","S0","AgrCons",0,0,0,1,1,0,2,2,2,62.6,55.2,0,29,22,2.958520648,27.59935301,84.78686529,18.92550228,9.433317523,39849.44038,0,1299.6,0,82.7918086,3.87939775,4.45
"D4","DEKAL","S0","LabConvTra",0,0,0,1,2,0,0,1,1,3.46,0.46,0.6,22,23,1.0569118,13.67510446,34.51770002,18.81220126,11.94333333,70096.46,0.006289308,2.6,0,85.40484277,4.065059804,6.5
"D4","DEKAL","S1","LabConvTra",0,0,1,0,2,2,0,2,2,124.48,23.34,30.26,29,22,2.958520648,27.59935301,84.78686529,18.06904702,10.00187056,48881.87038,0,1329,0.005649718,82.03438882,4.316082976,4.6
"D4","DEKAL","S1","LabConvTra",0,1,1,0,2,1,0,2,2,156,46,30,18,30,0.796704498,16.17555298,82.78892056,20.00725166,9.415499776,58676.32371,0.048780488,6084.2,0,85.19479523,4.73078703,4.7
"D4","DEKAL","S1","LabConvTra",0,1,1,0,2,0,0,2,1,234,69,0,18,30,0.796704498,16.17555298,82.78892056,19.91906052,9.504290082,59536.61914,0.048192771,5945.4,0,85.25987733,4.643612702,4
"D4","DEKAL","S1","LabConvTra",0,1,1,0,2,1,0,2,1,133,46,0,27,24,1.67,21.16875,63.22875,19.11149725,10.40175076,71603.35491,0.041666667,5538,0,85.47612706,4.85640242,4.5
"D4","DEKAL","S1","LabConvTra",0,1,1,0,2,1,0,2,1,133,46,0,27,24,1.67,21.16875,63.22875,19.12832802,10.37215361,71247.06284,0.041884817,5473.4,0,85.48679464,4.86690971,4.5
"D4","DEKAL","S1","LabConvTra",0,1,1,0,2,1,0,2,1,133,46,0,27,24,1.67,21.16875,63.22875,19.13148082,10.58560674,82052.89507,0.059633028,6259.6,0,85.5183502,4.94844559,5
"D4","DEKAL","S1","AgrCons",0,1,1,1,1,1,0,2,1,86.24,17.36,17.12,18,30,0.796704498,16.17555298,82.78892056,20.17444053,9.246599388,58974.39798,0.054216867,6184.4,0,85.26566312,4.906218725,5
"D4","DEKAL","S1","AgrCons",0,1,1,0,2,1,0,2,1,110.2294,46.16,0.12,18,30,0.796704498,16.17555298,82.78892056,20.17444053,9.246599388,58974.39798,0.054216867,6184.4,0,85.26566312,4.906218725,5
"D4","DEKAL","S1","LabConvTra",0,0,0,0,2,0,0,2,2,133,46,0,27,24,1.67,21.16875,63.22875,19.09228158,10.44866038,72672.13013,0.041237113,5473.4,0,85.41833938,4.895325094,6
"D4","DEKAL","S0","LabCeroMin",0,0,0,1,2,2,0,2,1,124,23,30,22,22,1.167548805,22.4036886,94.37760732,17.00857143,13.468,61419.92827,0.034285714,347.8,0,77.9196,7.259529636,4.2
"D4","DEKAL","S1","LabConvTra",0,1,1,0,2,1,0,2,1,133,46,0,27,24,1.67,21.16875,63.22875,19.1449638,10.58763162,82720.73603,0.059090909,6259.7,0,85.52766832,4.928104968,6
"D4","DEKAL","S1","LabConvTra",0,1,1,0,2,1,0,2,1,133,46,0,27,24,1.67,21.16875,63.22875,19.17664917,10.58164668,82608.95507,0.063636364,6259.8,0,85.4953652,4.936777259,5.5
"D4","DEKAL","S0","LabConvTra",0,1,1,0,2,1,0,2,1,119,69,0,27,24,1.67,21.16875,63.22875,19.22644301,10.53134685,80350.42444,0.065116279,6259.8,0,85.55292877,4.958013874,5
"D4","DEKAL","S1","LabConvTra",1,1,1,0,2,1,0,2,1,119,69,0,27,24,1.67,21.16875,63.22875,19.21693188,10.52266646,80782.69416,0.064814815,6259.8,0,85.5260645,4.962202328,5
"D4","DEKAL","S1","LabConvTra",0,1,2,0,2,0,0,2,2,156,46,0,18,30,0.796704498,16.17555298,82.78892056,19.87439121,9.635581839,63949.41691,0.045454545,6168,0,85.03475114,4.755293137,4.5
"D4","DEKAL","S1","LabConvTra",0,1,1,0,2,0,0,2,1,211,69,0,18,30,0.796704498,16.17555298,82.78892056,19.85092722,9.567413445,60971.43714,0.047337278,5818.8,0,85.20989508,4.685774854,4.1
"D4","DEKAL","S1","LabConvTra",0,1,1,0,2,0,0,2,2,202,46,0,18,30,0.796704498,16.17555298,82.78892056,19.94988774,9.529050252,60925.04848,0.047337278,6084.8,0,85.15623676,4.675583634,3.5
"D4","DEKAL","S1","LabConvTra",0,1,1,0,2,1,0,2,1,133,46,0,27,24,1.67,21.16875,63.22875,19.15142839,10.57745328,82272.15507,0.059360731,6259.7,0,85.51753582,4.937097608,5
"D4","DEKAL","S1","LabConvTra",1,1,1,0,2,1,0,2,1,133,46,0,27,24,1.67,21.16875,63.22875,19.12507779,10.59579432,82501.47603,0.059360731,6259.6,0,85.52852525,4.9393786,4.5
"D4","DEKAL","S1","LabConvTra",0,1,1,0,2,0,0,2,2,211,69,0,18,30,0.796704498,16.17555298,82.78892056,19.8950007,9.590057816,63068.55207,0.045977011,6149.4,0,85.16440462,4.623587757,4.2
"D4","DEKAL","S1","LabConvTra",0,1,1,0,2,1,0,2,1,133,46,0,27,24,1.67,21.16875,63.22875,19.1005579,10.60609217,82575.10942,0.054794521,6228.6,0,85.48257819,4.969347823,5
"D4","DEKAL","S0","LabConvTra",0,0,0,1,1,0,1,1,0,69.25,46,0,29,22,2.958520648,27.59935301,84.78686529,17.85957472,10.1115194,50675.31038,0,1406.2,0.005405405,82.09344228,4.478657429,4.1
"D4","DEKAL","S1","LabConvTra",0,0,0,2,3,0,0,2,1,87,46,90,18,30,0.796704498,16.17555298,82.78892056,20.34911088,8.631141282,47576.55102,0.036231884,5310,0,85.48496813,4.844315034,4
"D4","DEKAL","S1","AgrCons",0,1,1,0,2,0,0,2,2,69,0,60,18,30,0.796704498,16.17555298,82.78892056,20.05811842,9.23617807,54198.58832,0.052287582,5471,0,85.30226706,4.752406467,4.5
"D4","DEKAL","S1","AgrCons",0,1,1,0,3,0,0,2,2,188,69,0,18,30,0.796704498,16.17555298,82.78892056,19.72150608,10.97694748,53990.46679,0.019480519,4633.2,0,85.42637369,5.592728185,4
"D4","DEKAL","S1","AgrCons",0,1,1,0,2,0,0,3,1,27,69,72,18,30,0.796704498,16.17555298,82.78892056,20.04395105,9.204264448,52114.68687,0.054421769,4970.8,0,85.42075404,4.78668314,2
"D4","DEKAL","S0","AgrCons",0,0,0,1,2,1,0,2,1,133,46,0,24,29,3.444427351,25.2968481,94.67027638,17.14814815,13.3973545,66780.43827,0.031746032,377,0,77.97407407,7.118074,6
"D2","DEKAL","S1","LabConvTra",0,1,1,0,2,2,0,3,1,234.96,69.68,0.52,51,16,1.532711559,34.55572422,96.0652222,17.80222271,10.75921547,72705.65004,0,2082.2,0,76.77328881,5.157530443,5.7
"D2","DEKAL","S1","LabConvTra",0,0,1,0,2,2,0,3,2,101.71,5.18,0.52,51,16,1.532711559,34.55572422,96.0652222,17.94232427,10.5070999,80001.85041,0,2159.8,0,77.28707298,5.402066218,5.1
"D4","DEKAL","S1","AgrCons",0,1,1,0,3,0,0,2,2,133,46,0,27,24,1.67,21.16875,63.22875,19.94978005,9.482607323,59162.99784,0.048484848,5993.6,0,85.18620854,4.716963819,5
"D4","DEKAL","S1","AgrCons",0,1,1,0,2,0,0,2,2,188,69,0,27,24,1.67,21.16875,63.22875,19.87584453,9.831110812,69638.67699,0.073298429,6258.2,0,85.26718935,4.807042946,4
"D4","DEKAL","S1","AgrCons",0,1,1,0,3,0,0,3,2,225,46,0,18,30,0.796704498,16.17555298,82.78892056,19.73371078,9.621705648,58960.7355,0.049382716,4720,0,85.28382214,4.707504676,4
"D4","DEKAL","S1","AgrCons",0,1,1,0,3,0,0,2,2,156,46,0,18,30,0.796704498,16.17555298,82.78892056,20.71479399,10.96485817,57893.90533,0.053892216,9179.2,0.005988024,73.65123594,10.69955613,4
"D4","DEKAL","S1","LabCeroMin",0,0,0,1,2,2,1,2,2,179,46,0,29,22,2.958520648,27.59935301,84.78686529,18.14790889,10.02454189,54981.31038,0.004878049,1687.4,0.004878049,82.25515523,4.579668023,5.2
"D4","DEKAL","S0","LabConvTra",0,1,1,0,2,0,0,2,2,156,46,0,29,22,2.958520648,27.59935301,84.78686529,18.03401431,10.0429382,47509.27131,0,1285.4,0.005847953,81.86445496,4.155349472,4.5
"D4","DEKAL","S0","LabCeroMin",0,0,0,1,2,0,0,1,1,133,46,0,21,25,0.971386385,19.30618019,85.36964401,17.23131313,13.33787879,69649.61827,0.03030303,408.8,0,77.97560606,7.157601007,4.5
"D4","DEKAL","S1","LabCeroMin",0,0,0,1,2,0,0,1,1,184,0,0,33,25,7.832170474,35.9052213,91.13669563,17.74233366,13.45651596,63728.69853,0,186.2,0.04964539,62.62659122,7.305472989,5
"D4","DEKAL","S1","LabCeroMin",0,0,0,1,2,0,0,1,1,184,0,0,32,25,3.262639881,32.51181845,91.96425298,17.65661184,13.47243705,62344.12853,0,186.4,0.050359712,62.4691321,7.389575557,5.8
"D3","DEKAL","S1","LabConvTra",0,0,1,0,2,2,0,2,2,142.96,69.68,0.52,5,12,0.266354167,4.31,75.955,17.69562346,10.87709967,73171.16617,0,2073.6,0,76.57486861,5.215407883,5.3
"D4","DEKAL","S1","LabCeroMin",0,0,0,1,1,2,0,1,1,55,23,0,29,22,2.958520648,27.59935301,84.78686529,18.14242485,9.908962024,49836.56038,0,1396.8,0.005494505,82.23712539,4.264078248,5.5
"D4","DEKAL","S1","LabCeroMin",0,0,0,1,2,1,1,2,2,179,46,0,29,22,2.958520648,27.59935301,84.78686529,18.07614809,9.935854318,47363.03038,0,1299,0.005847953,82.07869486,4.274338719,5
"D4","DEKAL","S1","LabConvTra",0,1,1,0,2,2,0,3,2,184.96,0.68,0.52,17,21,1.039815984,15.60040528,86.95051235,17.58217847,10.90374153,81886.51041,0,2127.8,0,76.76155288,5.558912961,5.7
"D4","DEKAL","S1","LabConvTra",0,0,1,0,3,1,0,2,2,67.7294,172.66,45.12,24,29,3.444427351,25.2968481,94.67027638,17.32909706,10.91798547,52669.65722,0,1077.6,0,75.99008348,5.494790674,5.7
"D4","DEKAL","S1","LabConvTra",0,0,1,0,3,0,0,2,2,173.1,89.7,45,24,29,3.444427351,25.2968481,94.67027638,18.33375311,10.1866999,72984.65041,0,2159.8,0,77.81004387,5.112743556,7.14
"D4","DEKAL","S0","LabConvTra",0,0,4,0,2,0,0,2,2,128.5,34.5,30,24,29,3.444427351,25.2968481,94.67027638,17.59753617,10.22754843,101018.4195,0.008,1052.8,0.004,80.12358822,5.627909644,3.75
"D4","DEKAL","S0","AgrCons",0,0,0,1,2,0,0,1,1,2.87,0,0,22,23,1.0569118,13.67510446,34.51770002,18.78522013,11.96144654,70062.84,0.006289308,2.6,0,85.3745283,4.096604135,5.5
"D3","DEKAL","S1","LabConvTra",0,1,0,0,2,0,0,2,1,161,0,0,5,12,0.266354167,4.31,75.955,20.031125,9.9674375,65688.31,0.01875,296.86,0,80.2195625,4.286188048,5
"D2","DEKAL","S1","LabCeroMin",0,0,0,1,2,2,1,2,2,170,23,0,44,20,1.019558155,32.35618467,91.24216594,17.12142857,13.3172619,59077.12827,0.035714286,326.8,0,78.33267857,6.947307967,4.9
"D4","DEKAL","S1","LabConvTra",0,1,1,0,2,0,0,2,1,82.8,0,60,21,25,0.971386385,19.30618019,85.36964401,22.41164101,11.37255563,56338.6635,0.47133758,2237.2,0,81.29056827,4.39470833,5
"D4","DEKAL","S1","LabCeroMin",0,2,2,0,1,0,0,2,1,17,17,17,21,25,0.971386385,19.30618019,85.36964401,22.43028681,11.34920223,55925.83871,0.474358974,2252.2,0,81.25965539,4.409143613,5.4
"D4","DEKAL","S1","LabCeroMin",0,2,2,0,1,0,0,2,1,17,17,17,21,25,0.971386385,19.30618019,85.36964401,22.43028681,11.34920223,55925.83871,0.474358974,2252.2,0,81.25965539,4.409143613,5
"D4","DEKAL","S1","LabConvTra",0,1,1,0,2,0,0,2,1,69,0,60,39,22,2.553233491,29.79323821,79.9995283,22.40737193,11.36210728,56355.68405,0.464968153,2221.8,0,81.27679784,4.396408573,5
"D4","DEKAL","S1","LabConvTra",0,1,1,1,2,0,0,2,1,0,0,0,39,22,2.553233491,29.79323821,79.9995283,22.40352447,11.37497187,57845.22401,0.465838509,2277.8,0,81.18079609,4.5349181,6
"D4","DEKAL","S1","AgrCons",0,1,1,1,3,0,0,1,1,96,69,90,39,22,2.553233491,29.79323821,79.9995283,22.431564,11.34841893,56669.69614,0.46835443,2267.2,0,81.16536093,4.574767537,5
"D4","DEKAL","S1","AgrCons",0,1,1,0,2,0,0,2,2,188,69,0,21,25,0.971386385,19.30618019,85.36964401,19.9817807,9.538198183,62567.67994,0.046242775,6169.4,0,85.09931397,4.730979067,4
"D4","DEKAL","S0","LabCeroMin",0,0,0,1,2,2,1,2,2,225,46,0,29,22,2.958520648,27.59935301,84.78686529,18.07893035,9.977152326,44194.95966,0,1207.4,0.006329114,81.91931252,4.034102055,4.5
"D2","DEKAL","S0","LabCeroMin",0,0,0,1,2,0,0,2,1,133,46,0,44,20,1.019558155,32.35618467,91.24216594,17.20526316,13.31345029,60439.89827,0.035087719,345.8,0,78.33064327,6.898657682,4.5
"D4","DEKAL","S0","LabCeroMin",0,0,0,1,2,0,0,2,1,51.25,46,30,21,25,0.971386385,19.30618019,85.36964401,17.34125,13.196875,57547.72827,0.0375,339.8,0,78.9158125,6.631240478,4.6
"D2","DEKAL","S0","LabCeroMin",0,0,0,1,2,2,0,2,1,133,46,0,44,20,1.019558155,32.35618467,91.24216594,17.25414365,13.31491713,64452.30827,0.033149171,349.4,0,78.2361326,6.778809914,4.6
"D4","DEKAL","S1","AgrCons",0,0,1,0,1,0,0,2,1,165.6,0,0,29,22,2.958520648,27.59935301,84.78686529,17.79868885,10.88908387,74231.35146,0.011235955,795.4,0,82.20945522,5.64445856,5
"D2","DEKAL","S1","LabConvTra",0,0,1,0,2,0,0,2,1,101,23,30,47,23,1.254905303,30.23157197,100,17.713347,10.9196959,68199.61862,0.012121212,599.8,0,82.42025769,5.765000069,4.2
"D4","DEKAL","S1","AgrCons",0,0,0,1,2,0,0,2,1,147,23,30,24,29,3.444427351,25.2968481,94.67027638,17.94331421,10.8630335,74030.94146,0.011299435,847,0,82.30092107,5.636727804,5.5
"D2","DEKAL","S0","AgrCons",0,1,1,0,3,0,0,2,2,188,69,60,51,16,1.532711559,34.55572422,96.0652222,18.76674784,10.92986286,78837.30159,0.035175879,386.73,0.010050251,78.14702195,5.502482357,3.2
"D2","DEKAL","S0","AgrCons",0,1,1,0,3,0,0,2,2,188,69,60,51,16,1.532711559,34.55572422,96.0652222,19.08797288,10.81121837,76324.38159,0.036649215,386.73,0,78.3972637,5.359462633,3.5
"D2","DEKAL","S0","AgrCons",0,1,1,0,3,0,0,1,2,188,69,60,51,16,1.532711559,34.55572422,96.0652222,18.99204846,10.74853137,71718.67619,0.032967033,379.73,0,78.46723828,5.468515992,3.5
"D2","DEKAL","S0","AgrCons",0,1,1,0,2,0,0,1,1,188,69,60,51,16,1.532711559,34.55572422,96.0652222,19.27177032,10.73421654,75659.707,0.037234043,395.73,0,78.63477323,5.239398006,4
"D2","DEKAL","S0","AgrCons",0,0,0,1,3,0,0,1,2,161,0,150,51,16,1.532711559,34.55572422,96.0652222,19.24523528,10.79364126,73337.67159,0.038461538,386.73,0,78.67168883,5.285510987,3.5
"D4","DEKAL","S0","AgrCons",0,0,1,0,3,0,0,2,1,188,69,60,28,20,0.820993804,16.16617467,76.60158586,18.80734461,10.9405901,75644.40094,0.031413613,384.73,0.010471204,78.21014328,5.601715184,4
"D4","DEKAL","S1","LabConvTra",0,0,1,0,1,1,0,2,1,153.75,0,0,22,23,1.0569118,13.67510446,34.51770002,19.06145729,11.89361809,88386.66,0.005025126,2.8,0,85.25145729,4.008492045,7.6
"D4","DEKAL","S0","LabConvTra",0,0,1,1,2,1,0,2,1,253.24,0.17,0.13,28,20,0.820993804,16.16617467,76.60158586,18.29550562,12.48735955,78034.31,0.005617978,2.6,0,84.3794382,4.917083987,5
"D2","DEKAL","S0","LabConvTra",0,0,1,0,2,1,0,2,1,207.24,0.17,0.13,44,20,1.019558155,32.35618467,91.24216594,18.84393035,12.16174129,89796.13,0.004975124,2.8,0,84.90542289,4.2182117,4
"D4","DEKAL","S0","AgrCons",0,0,0,2,2,0,0,1,2,102.5,0,0,26,26,1.175022481,18.15067472,83.421327,19.57244755,11.39741259,64347.79,0,2.6,0,86.11013986,3.683181606,5.2
"D4","DEKAL","S0","AgrCons",0,0,0,1,2,1,0,1,1,156.075,46,30,30,23,1.060127903,21.11588415,74.6068042,19.81454545,10.07032468,62501.85,0.012987013,254.47,0,80.2461039,4.362850497,4.5
"D3","DEKAL","S0","AgrCons",0,0,1,1,2,1,0,1,1,156.075,46,30,5,12,0.266354167,4.31,75.955,18.78685279,10.81619289,78953.17,0.020304569,266.47,0.005076142,79.3242132,4.811793655,4
"D4","DEKAL","S0","AgrCons",1,0,1,1,2,1,0,1,1,139.875,4.6,30,30,23,1.060127903,21.11588415,74.6068042,19.72207547,10.13352201,64095.25,0.012578616,254.47,0,80.22226415,4.307390165,5
"D2","DEKAL","S0","AgrCons",1,0,1,1,2,1,0,1,1,156.075,46,30,40,21,0.995455014,32.0184478,87.46197115,19.57233533,10.17670659,66385.63,0.017964072,254.47,0,80.04526946,4.336181738,5
"D4","DEKAL","S0","AgrCons",1,1,1,1,2,1,0,1,1,156.075,46,30,30,23,1.060127903,21.11588415,74.6068042,19.72207547,10.13352201,64095.25,0.012578616,254.47,0,80.22226415,4.307390165,5.5
"D4","DEKAL","S0","AgrCons",0,1,1,1,2,1,0,1,1,156,46,30,26,26,1.175022481,18.15067472,83.421327,19.58094675,10.20236686,67450.45,0.017751479,254.47,0,80.01899408,4.319152343,4.5
"D4","DEKAL","S0","AgrCons",0,0,1,1,2,1,0,1,1,156,46,30,30,23,1.060127903,21.11588415,74.6068042,19.58094675,10.20236686,67450.45,0.017751479,254.47,0,80.01899408,4.319152343,4
"D2","DEKAL","S0","AgrCons",0,0,1,1,2,1,0,1,1,156,46,30,44,20,1.019558155,32.35618467,91.24216594,18.96919786,10.5855615,74475.46,0.016042781,256.47,0.005347594,79.44080214,4.861197571,4.5
"D4","DEKAL","S0","AgrCons",0,0,1,1,2,1,0,1,1,156,46,30,30,23,1.060127903,21.11588415,74.6068042,19.58094675,10.20236686,67450.45,0.017751479,254.47,0,80.01899408,4.319152343,3.5
"D4","DEKAL","S0","AgrCons",0,0,1,1,2,1,0,1,1,156,46,30,30,23,1.060127903,21.11588415,74.6068042,18.98159574,10.58404255,74891.2,0.015957447,256.47,0.005319149,79.43654255,4.848534071,2.5
"D2","DEKAL","S0","AgrCons",0,0,1,1,2,1,0,1,1,156,46,30,51,16,1.532711559,34.55572422,96.0652222,18.4049691,11.12490373,88627.57999,0.022727273,258.67,0.009090909,78.43356804,5.526175657,4
"D4","DEKAL","S0","AgrCons",0,1,1,1,2,1,0,1,1,156,46,30,19,26,1.212579689,15.83198936,76.17500905,18.41218644,11.13610326,89194.70999,0.022624434,258.67,0.009049774,78.43644782,5.513768065,4
"D4","DEKAL","S0","AgrCons",0,0,1,1,2,1,0,1,1,156,46,30,26,26,1.175022481,18.15067472,83.421327,19.72207547,10.13352201,64095.25,0.012578616,254.47,0,80.22226415,4.307390165,4
"D4","DEKAL","S0","AgrCons",0,0,1,1,2,1,0,1,1,156,46,30,26,26,1.175022481,18.15067472,83.421327,18.42093897,11.11948357,85725.06,0.014084507,258.67,0.009389671,78.7699061,5.313058849,3
"D4","DEKAL","S0","AgrCons",0,1,1,1,2,1,0,1,1,156,46,30,30,23,1.060127903,21.11588415,74.6068042,18.40204651,11.10865116,86535.91,0.013953488,258.67,0.009302326,78.64981395,5.385856605,6
"D3","DEKAL","S0","AgrCons",0,1,0,0,2,0,0,2,0,179,46,30,5,12,0.266354167,4.31,75.955,19.25270333,10.77877801,75007.77505,0.037634409,386.73,0,78.60525466,5.259619909,6.45
"D2","DEKAL","S0","AgrCons",1,0,1,0,3,0,0,2,3,188,69,60,40,21,0.995455014,32.0184478,87.46197115,20.01156916,10.42332894,59644.67494,0.042253521,384.73,0,78.8923054,5.351515131,4.8
"D4","DEKAL","S0","AgrCons",0,0,1,0,3,0,0,1,1,188,69,60,30,23,1.060127903,21.11588415,74.6068042,19.08797288,10.81121837,76324.38159,0.036649215,386.73,0,78.3972637,5.359462633,4
"D4","DEKAL","S0","AgrCons",0,0,1,0,3,0,0,1,1,137,87,85.5,30,23,1.060127903,21.11588415,74.6068042,18.80734461,10.9405901,75644.40094,0.031413613,384.73,0.010471204,78.21014328,5.601715184,5.5
"D2","DEKAL","S0","AgrCons",0,0,1,0,3,0,0,1,1,188,69,60,44,20,1.019558155,32.35618467,91.24216594,18.80734461,10.9405901,75644.40094,0.031413613,384.73,0.010471204,78.21014328,5.601715184,4
"D4","DEKAL","S0","AgrCons",0,0,1,0,3,0,0,1,1,188,69,60,30,23,1.060127903,21.11588415,74.6068042,18.80734461,10.9405901,75644.40094,0.031413613,384.73,0.010471204,78.21014328,5.601715184,3.5
"D2","DEKAL","S0","AgrCons",1,0,1,1,2,1,0,1,1,156.075,46,30,44,20,1.019558155,32.35618467,91.24216594,19.72625,10.159,64500.19,0.01875,264.47,0,80.25125,4.309448848,4
"D4","OTRAS","S0","LabCeroMin",0,0,0,1,1,0,0,1,1,69,0,0,29,22,2.958520648,27.59935301,84.78686529,17.94918549,10.09912811,43452.50963,0,1027,0.006410256,81.85682278,4.117067581,4.5
"D4","OTRAS","S0","LabCeroMin",0,0,0,1,2,1,0,2,1,124,23,0,29,22,2.958520648,27.59935301,84.78686529,18.31381382,9.91843192,53084.90038,0.005076142,1610.2,0.005076142,82.35115138,4.36258688,4.8
"D4","OTRAS","S0","LabCeroMin",0,0,0,1,2,1,0,2,1,184.4,0.6,0.2,29,22,2.958520648,27.59935301,84.78686529,18.11261106,9.944432752,52019.93038,0,1592.6,0.005208333,82.37540011,4.545109269,4.5
"D4","OTRAS","S1","LabCeroMin",0,0,0,1,2,1,0,2,1,110.4,0.6,0.2,29,22,2.958520648,27.59935301,84.78686529,18.06753552,10.00635443,49123.37038,0,1329,0.005617978,82.04801585,4.307711685,5.5
"D4","OTRAS","S1","LabConvTra",0,0,1,0,2,0,0,2,1,213.56,28.52,0,17,27,1.639947917,14.93588542,58.11372396,19.12146267,11.77135459,69188.10248,0.018181818,477.69,0,80.59330028,4.757390502,4.5
"D4","DEKAL","S1","LabCeroMin",0,0,0,0,2,0,0,2,0,110,46,0,30,23,1.060127903,21.11588415,74.6068042,18.50333296,10.97612092,60108.92146,0.014285714,745.4,0,82.3604502,5.74007684,4.5
"D2","DEKAL","S1","AgrCons",0,0,0,0,1,0,0,2,1,32,23,15,47,23,1.254905303,30.23157197,100,18.58917169,8.909833133,51902.6803,0,1649.2,0,88.03482155,6.951268028,4.6
"D4","DEKAL","S0","LabCeroMin",0,1,0,0,3,0,0,2,1,179,46,30,26,26,1.175022481,18.15067472,83.421327,19.32780564,10.79863375,73447.11505,0.038674033,386.73,0,78.65313462,5.255297652,4.45
"D4","DEKAL","S1","LabCeroMin",0,0,0,1,2,0,1,2,1,184,0,0,22,23,1.0569118,13.67510446,34.51770002,19.44446852,11.43279396,62612.56941,0.02027027,463.49,0,81.07523342,4.695556619,2
"D3","DEKAL","S1","AgrCons",0,1,0,0,2,0,0,2,1,156,46,30,49,21,1.839676435,17.86984127,61.47150794,19.30162807,10.73727263,75028.137,0.037634409,395.73,0,78.62305036,5.257317939,2.1
"D3","DEKAL","S1","AgrCons",0,1,0,0,2,0,0,2,1,156,46,30,49,21,1.839676435,17.86984127,61.47150794,19.27322364,10.74514818,75259.24765,0.037433155,395.73,0,78.63052068,5.2531382,1.8
"D4","DEKAL","S0","AgrCons",0,0,1,0,2,1,0,2,1,120.6147,46.08,30.06,28,20,0.820993804,16.16617467,76.60158586,19.47215068,10.72709387,72391.437,0.039325843,395.73,0,78.69824364,5.200914362,4.1
"D4","DEKAL","S0","AgrCons",0,1,0,0,2,0,0,2,2,147,23,30,30,23,1.060127903,21.11588415,74.6068042,19.46029674,10.70754331,72184.13765,0.039325843,395.73,0,78.70756948,5.203721428,6.25
"D4","DEKAL","S0","AgrCons",0,0,0,1,2,0,0,2,1,156,46,30,24,29,3.444427351,25.2968481,94.67027638,19.31093924,10.78338429,74445.05765,0.038043478,395.73,0,78.61873569,5.285629936,3.4
"D4","DEKAL","S0","AgrCons",0,0,1,1,2,0,0,3,2,156,46,30,24,29,3.444427351,25.2968481,94.67027638,19.29048913,10.49184783,73886.05,0.02173913,264.47,0,79.56983696,4.623718783,5
"D3","DEKAL","S0","AgrCons",0,0,1,1,2,0,0,3,2,156,46,30,49,21,1.839676435,17.86984127,61.47150794,19.06774869,10.60518325,76443.41,0.020942408,266.47,0,79.45544503,4.826192973,4.8
"D3","DEKAL","S0","AgrCons",0,0,1,1,2,0,0,3,2,156,46,30,49,21,1.839676435,17.86984127,61.47150794,19.18951872,10.59673797,75100.45,0.021390374,264.47,0,79.4715508,4.657723641,5.1
"D4","DEKAL","S0","AgrCons",0,0,1,1,2,0,0,3,2,156,46,30,30,23,1.060127903,21.11588415,74.6068042,18.95870466,10.67870466,77386.87,0.020725389,266.47,0.005181347,79.4165285,4.81612665,5.3
"D3","DEKAL","S0","AgrCons",0,0,1,1,2,0,0,3,2,156,46,30,49,21,1.839676435,17.86984127,61.47150794,18.95870466,10.67870466,77386.87,0.020725389,266.47,0.005181347,79.4165285,4.81612665,4.7
"D4","DEKAL","S0","AgrCons",0,0,1,1,2,0,0,3,2,156,46,30,30,23,1.060127903,21.11588415,74.6068042,19.22010753,10.55317204,74680.79,0.021505376,264.47,0,79.51645161,4.629536815,4.1
"D2","DEKAL","S0","AgrCons",0,0,1,0,3,0,0,2,3,188,69,60,40,21,0.995455014,32.0184478,87.46197115,19.87556658,10.44053361,64234.68505,0.04516129,386.73,0,78.85843463,5.274632392,5.8
"D2","DEKAL","S0","AgrCons",0,0,1,0,3,0,0,2,3,188,69,60,40,21,0.995455014,32.0184478,87.46197115,19.94642366,10.31962555,63399.67279,0.045751634,395.73,0,78.9265841,5.297739824,5
"D2","DEKAL","S0","AgrCons",0,0,1,0,3,0,0,2,3,188,69,60,40,21,0.995455014,32.0184478,87.46197115,19.72047595,10.45472359,62325.27094,0.039215686,384.73,0,79.02227037,5.351772918,5.6
"D2","DEKAL","S0","AgrCons",0,0,1,0,3,0,0,2,3,188,69,60,44,20,1.019558155,32.35618467,91.24216594,19.74181295,10.46200455,63745.00494,0.038461538,384.73,0,79.00164979,5.303769998,5
"D2","DEKAL","S0","AgrCons",0,0,1,0,3,0,0,2,3,188,69,60,40,21,0.995455014,32.0184478,87.46197115,19.74181295,10.46200455,63745.00494,0.038461538,384.73,0,79.00164979,5.303769998,5
"D2","DEKAL","S0","AgrCons",0,0,1,0,3,0,0,2,3,188,69,60,40,21,0.995455014,32.0184478,87.46197115,19.87400536,10.44302424,63316.61647,0.045751634,386.73,0,78.91534227,5.279698141,4.4
"D2","DEKAL","S0","AgrCons",0,1,1,0,3,0,0,2,3,165,69,60,44,20,1.019558155,32.35618467,91.24216594,19.74501831,10.50962798,63151.64803,0.038961039,384.73,0,78.96706083,5.297460945,5.5
"D2","DEKAL","S0","AgrCons",0,1,1,0,3,0,0,2,3,188,69,60,40,21,0.995455014,32.0184478,87.46197115,19.74501831,10.50962798,63151.64803,0.038961039,384.73,0,78.96706083,5.297460945,6
"D2","DEKAL","S0","AgrCons",0,0,1,0,3,0,0,2,3,188,69,60,40,21,0.995455014,32.0184478,87.46197115,19.94642366,10.31962555,63399.67279,0.045751634,395.73,0,78.9265841,5.297739824,5.2
"D2","DEKAL","S0","AgrCons",0,0,1,0,3,0,0,2,3,188,69,60,44,20,1.019558155,32.35618467,91.24216594,19.95339876,10.28981179,59963.46803,0.04137931,384.73,0,79.05060253,5.36800685,7.5
"D2","DEKAL","S0","AgrCons",0,0,1,0,3,0,0,2,3,188,69,60,44,20,1.019558155,32.35618467,91.24216594,19.96262206,10.28501856,60436.39494,0.04109589,384.73,0,79.03354361,5.353434128,6
"D4","DEKAL","S0","AgrCons",0,1,0,0,2,0,0,3,1,156,46,30,30,23,1.060127903,21.11588415,74.6068042,19.28309242,10.80248741,73630.33252,0.038461538,386.73,0,78.60207345,5.30485051,4.85
"D4","DEKAL","S0","AgrCons",0,1,0,0,2,0,0,2,1,156,46,30,30,23,1.060127903,21.11588415,74.6068042,19.30162807,10.73727263,75028.137,0.037634409,395.73,0,78.62305036,5.257317939,5.45
"D3","DEKAL","S0","AgrCons",0,0,1,0,2,0,0,2,1,156,46,30,5,12,0.266354167,4.31,75.955,19.3565662,10.6804252,68698.09094,0.035087719,384.73,0,78.86261618,5.283063242,2.75
"D4","OTRAS","S1","AgrCons",4,0,0,1,2,1,0,1,1,115,0,60,24,29,3.444427351,25.2968481,94.67027638,18.8662963,8.823326065,63789.3868,0,2508.4,0,87.74743098,8.104187367,3.1
"D4","OTRAS","S1","AgrCons",4,0,0,1,2,1,0,1,1,115,0,60,24,29,3.444427351,25.2968481,94.67027638,18.84335648,8.891971444,59407.6168,0,2456.4,0,88.531385,6.780520442,3.1
"D4","OTRAS","S1","LabCeroMin",0,0,0,1,2,0,1,2,1,102.5,0,0,26,26,1.175022481,18.15067472,83.421327,19.71526526,11.41885771,59938.16152,0.02189781,493.89,0,81.28514267,4.728001428,2.8
"D4","OTRAS","S0","LabCeroMin",0,0,0,1,2,0,1,2,1,92.25,0,0,26,26,1.175022481,18.15067472,83.421327,19.50510149,11.41846899,68947.20688,0.01863354,597.29,0,81.07872389,4.575373167,1.4
"D4","OTRAS","S0","AgrCons",0,0,1,0,2,0,0,3,1,156,46,30,30,23,1.060127903,21.11588415,74.6068042,19.73793141,10.4635749,66650.08279,0.042944785,395.73,0,78.92121084,5.263553976,4
"D4","OTRAS","S0","AgrCons",0,0,1,0,2,0,0,2,1,133,46,30,30,23,1.060127903,21.11588415,74.6068042,19.47481819,10.73860288,71990.97765,0.039548023,395.73,0,78.69410942,5.215375441,4.35
"D4","OTRAS","S0","AgrCons",0,0,1,0,2,0,0,3,1,156,46,30,30,23,1.060127903,21.11588415,74.6068042,19.37968409,10.72681055,73293.08279,0.038674033,395.73,0,78.73202965,5.200934247,4.65
"D4","OTRAS","S1","AgrCons",0,0,0,1,0,0,0,1,0,0,0,0,24,29,3.444427351,25.2968481,94.67027638,15.06405229,10.4130719,74116.99,0,617.9,0,82.70281046,5.407409568,1.8
"D4","OTRAS","S0","LabCeroMin",0,0,0,1,2,0,1,1,0,138,0,0,29,22,2.958520648,27.59935301,84.78686529,18.07498114,9.897595325,52586.17038,0,1593,0.005128205,82.44465036,4.551507633,4
"D4","OTRAS","S0","AgrCons",0,0,0,0,2,0,3,2,1,133,0,0,29,22,2.958520648,27.59935301,84.78686529,18.90226284,9.404444284,39807.48038,0,1298.6,0,82.75723113,3.890329143,5.1
"D4","OTRAS","S0","LabConvTra",1,0,0,1,2,0,0,2,2,46,0,0,29,22,2.958520648,27.59935301,84.78686529,18.6552768,9.358331505,75008.19533,0,938.6,0,81.38667795,4.967833463,1.5
"D4","OTRAS","S0","LabConvTra",0,0,0,1,2,0,0,2,2,20.5,0,0,24,29,3.444427351,25.2968481,94.67027638,18.78547486,9.318435754,74646.26,0,936.2,0,81.44067039,4.703831644,1.6
"D4","OTRAS","S0","LabConvTra",2,0,0,1,1,0,0,1,3,23,0,0,29,22,2.958520648,27.59935301,84.78686529,18.07782081,9.905066603,91870.47312,0.008888889,988.8,0.004444444,80.41907699,5.410274324,1.4
"D4","OTRAS","S0","LabConvTra",0,0,0,1,2,0,0,1,1,20.5,0,0,29,22,2.958520648,27.59935301,84.78686529,18.73917723,9.295819486,74050.04928,0,938.8,0,81.54729751,4.689650115,1.8
"D3","OTRAS","S0","LabConvTra",0,0,0,1,1,0,0,2,1,12.3,0,0,46,26,1.749538283,21.5320866,75.53080571,18.03316517,9.151456067,57151.76095,0.005291005,2003.2,0,82.81939276,4.664839443,1.7
"D3","OTRAS","S0","LabConvTra",0,0,0,1,2,0,1,2,1,26.65,0,0,46,26,1.749538283,21.5320866,75.53080571,18.19879989,9.13438302,55556.88335,0.005464481,2002.8,0,82.83057791,4.705957123,2
"D3","OTRAS","S0","LabConvTra",1,0,0,1,1,0,0,2,1,15.375,0,0,46,26,1.749538283,21.5320866,75.53080571,18.24053679,9.141668944,57423.69335,0.005347594,2002.8,0,82.77938908,4.682192455,1.7
"D3","OTRAS","S0","AgrCons",0,0,0,1,1,0,0,1,1,15.375,0,0,46,26,1.749538283,21.5320866,75.53080571,18.24053679,9.141668944,57423.69335,0.005347594,2002.8,0,82.77938908,4.682192455,1.4
"D4","OTRAS","S0","LabConvTra",1,0,0,1,1,0,0,3,2,20.5,0,0,22,22,1.167548805,22.4036886,94.37760732,18.67449476,8.82391042,56615.37265,0.005464481,2210.6,0,83.2820504,4.197849988,1.8
"D4","OTRAS","S0","LabConvTra",0,0,0,1,1,0,1,3,2,20.5,0,0,22,22,1.167548805,22.4036886,94.37760732,18.65852853,8.817838909,57228.8651,0.005405405,2210.6,0,83.2691244,4.182041997,1.7
"D4","OTRAS","S0","LabConvTra",1,0,0,1,1,0,1,2,2,34.5,0,0,24,29,3.444427351,25.2968481,94.67027638,18.39695459,8.87771762,54969.3883,0.005555556,2002.8,0,83.09480508,4.337739091,2
"D4","OTRAS","S0","LabConvTra",0,0,0,1,1,0,1,3,2,34.5,0,0,24,29,3.444427351,25.2968481,94.67027638,18.02297996,9.169961046,52856.14103,0.005649718,1962,0,82.83546211,4.759490481,1.9
"D3","OTRAS","S0","AgrCons",0,0,0,1,1,0,0,2,1,12.3,0,0,46,26,1.749538283,21.5320866,75.53080571,17.86737659,9.090350877,53013.96461,0.005555556,1951.2,0,82.9199266,4.798639411,1.5
"D4","OTRAS","S0","LabConvTra",0,0,0,1,1,0,1,3,2,41,0,0,24,29,3.444427351,25.2968481,94.67027638,18.41812921,8.765054045,51219.23603,0.005847953,2002.8,0,83.3413044,4.251094849,1.6
"D4","OTRAS","S0","LabConvTra",1,0,0,1,1,0,1,3,2,36.8,0,0,24,29,3.444427351,25.2968481,94.67027638,17.40250423,9.318347936,59868.69024,0.004901961,1977.4,0.004901961,82.76778886,4.841797513,1.8
"D3","OTRAS","S0","LabConvTra",0,0,0,1,2,0,1,2,1,26.65,0,0,46,26,1.749538283,21.5320866,75.53080571,18.19065688,9.165054032,57988.13222,0.005291005,2003,0,82.76376261,4.662209686,1.6
"D3","OTRAS","S0","LabConvTra",0,0,0,1,2,0,1,2,1,20.5,0,0,46,26,1.749538283,21.5320866,75.53080571,18.0408046,9.174990706,55002.11461,0.005464481,2003.2,0,82.86490627,4.688487894,2
"D4","OTRAS","S0","LabConvTra",0,2,0,0,1,0,0,2,0,69,0,0,24,29,3.444427351,25.2968481,94.67027638,18.17760677,9.207031257,62028.00515,0.004975124,2211,0,82.8386038,4.584785267,1.6
"D4","OTRAS","S0","LabConvTra",0,2,0,0,2,0,0,2,0,115,0,0,24,29,3.444427351,25.2968481,94.67027638,18.00679455,9.171546975,63515.3151,0.004830918,2211,0.004830918,82.88718302,4.576733963,2
"D4","OTRAS","S0","LabConvTra",2,0,0,1,1,0,0,1,2,23,0,0,24,29,3.444427351,25.2968481,94.67027638,18.49684765,9.403027664,74560.87572,0,811.2,0,81.00627553,5.439064962,1.5
"D4","OTRAS","S0","LabConvTra",2,0,0,1,1,0,0,1,2,23,0,0,24,29,3.444427351,25.2968481,94.67027638,18.49684765,9.403027664,74560.87572,0,811.2,0,81.00627553,5.439064962,1.5
"D2","OTRAS","S0","LabConvTra",0,2,2,0,2,0,0,2,0,92,0,0,43,24,2.131428572,38.135,84.09214286,17.82966387,9.114339809,56341.3051,0.005291005,1999,0.005291005,82.95204701,4.697453837,1.8
"D3","OTRAS","S0","LabCeroMin",0,0,0,1,1,0,0,1,0,46,0,0,46,26,1.749538283,21.5320866,75.53080571,18.31260703,9.197570318,62754.66295,0.004926108,2277.6,0,82.76133411,4.627885954,1.4
"D3","OTRAS","S0","LabCeroMin",0,0,0,1,1,0,0,1,0,92,0,0,46,26,1.749538283,21.5320866,75.53080571,18.31260703,9.197570318,62754.66295,0.004926108,2277.6,0,82.76133411,4.627885954,1.7
"D4","OTRAS","S1","LabCeroMin",2,0,0,1,0,1,0,1,0,0.1147,0.08,0.06,20,23,1.28758219,18.89525206,81.98716935,18.80076182,8.892852482,56114.50518,0.005555556,2219.8,0,83.12171955,4.181958716,0.65
"D4","OTRAS","S1","LabCeroMin",2,0,0,1,2,1,0,1,0,31.6147,8.58,8.56,20,23,1.28758219,18.89525206,81.98716935,18.79950961,8.841037382,56426.30625,0.005494505,2277.2,0,83.18865615,4.207525775,1.6
"D3","OTRAS","S0","LabConvTra",1,0,0,1,1,0,0,1,1,55.2,0,0,46,26,1.749538283,21.5320866,75.53080571,18.19521967,8.946281616,49113.80096,0.006024096,1947,0,83.07090893,4.58043993,1.5
"D3","OTRAS","S0","LabConvTra",1,0,0,1,1,0,1,1,1,55.2,0,0,46,26,1.749538283,21.5320866,75.53080571,18.21622234,8.999900279,51800.90096,0.005780347,1993,0,83.08434036,4.500126227,1.9
"D4","OTRAS","S0","LabConvTra",0,0,0,1,1,0,0,2,1,32.2,0,0,29,22,2.958520648,27.59935301,84.78686529,19.22093023,9.226744186,73235.29,0,969.2,0,81.49755814,4.648588275,1.7
"D4","OTRAS","S0","LabConvTra",0,0,0,1,1,0,1,2,1,32.2,0,0,29,22,2.958520648,27.59935301,84.78686529,19.22093023,9.226744186,73235.29,0,969.2,0,81.49755814,4.648588275,1.6
"D4","OTRAS","S0","LabConvTra",0,0,0,1,1,0,1,2,1,15.375,0,0,24,29,3.444427351,25.2968481,94.67027638,18.80949721,9.315642458,74791.11,0,936.2,0,81.41653631,4.731398855,1.7
"D4","OTRAS","S0","LabConvTra",0,0,0,1,1,0,1,2,1,46,0,0,24,29,3.444427351,25.2968481,94.67027638,18.6552768,9.358331505,75008.19533,0,938.6,0,81.38667795,4.967833463,1.5
"D4","OTRAS","S0","LabConvTra",0,0,0,1,1,0,1,2,1,23,0,0,37,22,1.496776772,21.09959703,64.86132468,18.60206996,9.360944798,70209.32533,0,803.2,0,81.36155048,5.085531419,1.5
"D3","OTRAS","S0","LabConvTra",1,0,0,1,1,0,1,1,1,24.6,0,0,46,26,1.749538283,21.5320866,75.53080571,18.10728625,9.151631681,58703.71515,0.005208333,2003.2,0,82.7824446,4.651293384,1.8
"D4","OTRAS","S0","LabConvTra",0,0,0,1,1,0,0,2,1,46,0,0,24,29,3.444427351,25.2968481,94.67027638,18.12199571,9.185593192,54241.73295,0.005555556,2002.8,0,82.88150458,4.723582873,1.4
"D4","OTRAS","S0","LabConvTra",0,0,0,1,1,0,0,2,1,46,0,0,24,29,3.444427351,25.2968481,94.67027638,18.12199571,9.185593192,54241.73295,0.005555556,2002.8,0,82.88150458,4.723582873,1.5
"D4","OTRAS","S0","LabConvTra",0,0,0,1,1,0,0,2,1,15.375,0,0,24,29,3.444427351,25.2968481,94.67027638,18.39187871,8.6886317,45566.8392,0.006451613,1903.2,0,83.24547746,4.397566656,1.6
"D4","OTRAS","S0","LabConvTra",0,0,0,1,1,0,0,2,1,23,0,0,24,29,3.444427351,25.2968481,94.67027638,17.93708372,9.207004902,46149.32295,0.006329114,1888.8,0,82.72051155,4.950030446,1.7
"D4","OTRAS","S0","LabConvTra",0,0,0,1,1,0,0,2,1,34.5,0,0,24,29,3.444427351,25.2968481,94.67027638,18.35925106,8.908201871,54831.52382,0.005555556,2002.8,0,83.07196751,4.356644855,1.4
"D4","OTRAS","S0","LabConvTra",0,0,0,1,1,0,0,2,1,20.5,0,0,24,29,3.444427351,25.2968481,94.67027638,18.55898693,8.715295283,51083.0451,0.005882353,2002.8,0,83.34222361,4.257678916,1.5
"D4","OTRAS","S0","LabConvTra",1,0,0,1,1,0,0,1,1,20.5,0,0,24,29,3.444427351,25.2968481,94.67027638,18.5741027,9.346088059,76871.7878,0,938.6,0,81.13906627,5.313654356,1.2
"D4","OTRAS","S0","LabConvTra",1,0,0,1,1,0,0,1,1,20.5,0,0,24,29,3.444427351,25.2968481,94.67027638,18.45352021,9.519970649,79244.3908,0,938.6,0,80.96741577,5.359218166,1.3
"D4","OTRAS","S0","LabConvTra",1,0,0,1,1,0,0,1,1,20.5,0,0,24,29,3.444427351,25.2968481,94.67027638,17.9272197,9.143780668,55284.43888,0.005405405,1993.8,0,82.92134887,4.733996168,1.2
"D4","OTRAS","S0","LabConvTra",1,0,0,1,1,0,1,1,1,20.5,0,0,24,29,3.444427351,25.2968481,94.67027638,17.9272197,9.143780668,55284.43888,0.005405405,1993.8,0,82.92134887,4.733996168,1.7
"D4","OTRAS","S0","LabConvTra",1,0,0,1,1,0,0,1,1,20.5,0,0,21,20,2.145932679,20.05220752,83.07396973,18.41649914,9.535991523,77541.3108,0,865.6,0,80.91015589,5.386436821,1.3
"D4","OTRAS","S0","LabConvTra",1,0,0,1,1,0,0,1,1,20.5,0,0,12,21,0.602641155,11.74781449,86.45483787,18.51785305,9.366020732,73607.54768,0,810,0,81.07322007,5.395752962,1.1
"D4","OTRAS","S0","LabConvTra",1,0,0,1,1,0,0,1,1,20.5,0,0,12,21,0.602641155,11.74781449,86.45483787,18.56190005,9.363501127,75163.37222,0,867.2,0,81.12067854,5.315479124,1.1
"D4","OTRAS","S0","LabConvTra",1,0,0,1,1,0,0,1,1,20.5,0,0,12,21,0.602641155,11.74781449,86.45483787,18.59873747,9.399892815,73335.88959,0,841.2,0,81.26391459,5.069381746,1.6
"D4","OTRAS","S0","LabConvTra",1,0,0,1,1,0,1,1,1,20.5,0,0,24,29,3.444427351,25.2968481,94.67027638,17.89632952,9.134803445,53655.38888,0.005524862,1958.4,0,82.90143392,4.780366835,1.2
"D4","OTRAS","S0","LabConvTra",1,0,0,1,1,0,1,1,1,20.5,0,0,24,29,3.444427351,25.2968481,94.67027638,17.9029431,9.142853976,54133.39888,0.005494505,1962,0,82.89922824,4.767235979,1.7
"D4","OTRAS","S0","LabConvTra",1,0,0,1,1,0,1,1,1,20.5,0,0,24,29,3.444427351,25.2968481,94.67027638,17.99644518,9.172602804,53164.74461,0.005617978,1962,0,82.83375195,4.746081393,1.6
"D4","OTRAS","S0","LabConvTra",1,0,0,1,1,0,1,1,1,24.6,0,0,24,29,3.444427351,25.2968481,94.67027638,17.83312299,9.131285385,55338.42811,0.005376344,1993.4,0.005376344,82.94557145,4.73028142,1.7
"D2","OTRAS","S0","LabConvTra",0,2,2,0,2,0,0,2,0,184,0,0,43,24,2.131428572,38.135,84.09214286,17.82966387,9.114339809,56341.3051,0.005291005,1999,0.005291005,82.95204701,4.697453837,3.2
"D4","OTRAS","S0","LabConvTra",0,0,0,1,2,1,0,2,1,207.2,0.3,0.1,21,20,2.145932679,20.05220752,83.07396973,18.79223881,12.20895522,89659.1,0.004975124,2.8,0,84.79343284,4.320918265,4.6
"D4","OTRAS","S1","LabCeroMin",0,0,0,1,2,1,1,2,1,110,46,0,29,22,2.958520648,27.59935301,84.78686529,18.06815115,9.917170558,52484.93038,0,1592.6,0.005154639,82.40848877,4.535112408,5.5
"D4","OTRAS","S0","LabConvTra",0,0,0,0,0,0,0,1,0,0,0,0,21,25,0.971386385,19.30618019,85.36964401,17.23502825,13.33728814,63068.64827,0.033898305,349.2,0,78.32152542,6.808720214,2.8
"D2","OTRAS","S0","LabConvTra",0,1,0,0,1,1,0,2,1,101.99,23.12,0.4,51,16,1.532711559,34.55572422,96.0652222,20.30692913,9.831496063,52662.08,0.015748031,228.67,0,80.68110236,4.234107958,3.5
"D2","OTRAS","S0","LabConvTra",0,0,0,0,1,1,0,2,1,101.92,23,0,51,16,1.532711559,34.55572422,96.0652222,20.30692913,9.831496063,52662.08,0.015748031,228.67,0,80.68110236,4.234107958,4.8
"D4","OTRAS","S0","AgrCons",0,0,1,0,3,0,0,2,1,188,69,60,30,23,1.060127903,21.11588415,74.6068042,19.08638326,10.79069847,75825.40656,0.031578947,385.73,0,78.41782825,5.366061528,4
"D4","OTRAS","S0","AgrCons",0,0,1,0,3,0,0,1,1,188,69,60,30,23,1.060127903,21.11588415,74.6068042,19.05975299,10.79179429,75987.50656,0.031413613,385.73,0,78.42653072,5.353272897,3
"D4","OTRAS","S0","AgrCons",0,0,1,0,3,0,0,1,1,188,69,60,30,23,1.060127903,21.11588415,74.6068042,18.82032719,10.93933703,76110.52944,0.03125,384.73,0.010416667,78.21019462,5.587031809,3.5
"D4","OTRAS","S1","LabCeroMin",0,0,0,1,2,0,0,1,1,207,0,0,32,25,3.262639881,32.51181845,91.96425298,17.56392445,13.56599138,64912.48853,0,186.8,0.048275862,62.21737491,7.422048562,4.8
"D4","OTRAS","S0","LabConvTra",0,1,1,0,2,0,0,2,3,217.18,46,31.8,24,29,3.444427351,25.2968481,94.67027638,17.65034298,10.28443292,45508.70773,0,1096.8,0.006060606,81.82453521,4.398800818,6.06
"D4","OTRAS","S1","LabCeroMin",0,0,0,1,3,0,0,2,1,195.2,11.5,30,28,20,0.820993804,16.16617467,76.60158586,18.67916201,12.24217877,79541.19,0.005586592,2.6,0,84.88094972,4.308753788,5.3
"D4","OTRAS","S1","AgrCons",0,0,0,1,3,0,0,2,1,195.2,11.5,30,28,20,0.820993804,16.16617467,76.60158586,18.67916201,12.24217877,79541.19,0.005586592,2.6,0,84.88094972,4.308753788,8.1
"D4","OTRAS","S1","AgrCons",0,0,1,1,2,0,0,2,1,197.5,34.5,30,28,20,0.820993804,16.16617467,76.60158586,19.1745,11.713,71720.6,0,2.6,0,85.7935625,3.669895779,6.8
"D4","OTRAS","S1","LabConvTra",0,1,1,0,2,0,0,2,2,188,69,60,18,30,0.796704498,16.17555298,82.78892056,19.91894946,9.512823452,59544.74751,0.048192771,5993.6,0,85.2286689,4.684371967,4
"D4","OTRAS","S1","LabConvTra",0,1,1,0,2,0,0,2,2,188,69,0,18,30,0.796704498,16.17555298,82.78892056,19.98233901,9.45576263,59146.47136,0.048484848,6084.2,0,85.18415175,4.718323031,4.2
"D4","OTRAS","S0","LabConvTra",0,1,1,0,2,0,0,2,2,188,69,0,18,30,0.796704498,16.17555298,82.78892056,19.89902429,9.557966975,61800.12841,0.046783626,5993.6,0,85.17036427,4.653256776,3.5
"D4","OTRAS","S0","LabConvTra",0,1,1,0,2,0,0,2,2,188,69,0,18,30,0.796704498,16.17555298,82.78892056,19.91168517,9.545121858,60924.91912,0.047337278,5993.6,0,85.1917402,4.673618822,3.8
"D4","P4082W","S0","LabCeroMin",0,0,0,1,2,0,0,1,2,96,23,0,29,22,2.958520648,27.59935301,84.78686529,18.10217177,9.898098393,52312.37038,0,1593,0.005154639,82.4351898,4.561361232,5
"D4","P4082W","S0","LabCeroMin",0,0,0,1,2,1,1,2,1,170,23,0,29,22,2.958520648,27.59935301,84.78686529,18.24022705,9.773247738,49522.39038,0,1513.4,0.005494505,82.52608143,4.337824524,5.3
"D4","P4082W","S0","LabCeroMin",0,0,0,1,2,1,0,2,1,239.24,23.17,0.13,24,29,3.444427351,25.2968481,94.67027638,17.45478723,13.13670213,66791.69827,0.031914894,406.2,0,78.63106383,6.646767695,5.6
"D4","P4082W","S1","LabCeroMin",0,0,0,1,1,0,0,1,1,69,0,0,32,25,3.262639881,32.51181845,91.96425298,18.51545413,12.86637732,49594.80853,0,180.4,0.055555556,64.68082742,6.372005117,5.5
"D4","P4082W","S1","AgrCons",0,0,0,1,2,0,1,1,1,92,0,0,32,25,3.262639881,32.51181845,91.96425298,17.68528294,13.44397645,61949.85853,0,186.2,0.050724638,62.52687943,7.384950593,5.8
"D2","P4082W","S0","AgrCons",0,0,0,1,2,1,0,2,4,115.0818,34.5,15,47,23,1.254905303,30.23157197,100,18.23928104,9.491270242,82205.13183,0,879,0,80.66582988,5.406342565,5
"D4","P4082W","S0","LabConvTra",0,0,1,0,3,0,0,1,2,188,69,60,26,26,1.175022481,18.15067472,83.421327,18.77124523,10.9402703,77197.42803,0.030769231,384.73,0.01025641,78.19285829,5.548186049,3.5
"D3","P4082W","S0","AgrCons",0,1,1,0,2,0,0,1,1,188,69,60,5,12,0.266354167,4.31,75.955,19.24463489,10.78452559,74089.70647,0.038043478,386.73,0,78.64982265,5.265964634,3.7
"D2","P4082W","S0","AgrCons",0,0,0,1,3,0,0,1,1,188,69,6,51,16,1.532711559,34.55572422,96.0652222,18.19780422,10.53257028,43506.5547,0,67.4,0,79.35355695,4.934654622,3.5
"D2","P4082W","S0","AgrCons",0,0,0,1,3,0,0,1,2,188,69,60,51,16,1.532711559,34.55572422,96.0652222,19.24523528,10.79364126,73337.67159,0.038461538,386.73,0,78.67168883,5.285510987,3.5
"D4","P4082W","S0","AgrCons",0,0,0,1,3,0,0,1,2,188,69,60,28,20,0.820993804,16.16617467,76.60158586,18.31927232,10.95741995,85167.09803,0.032407407,384.73,0.013888889,77.57558966,5.825154896,4
"D4","P4082W","S0","AgrCons",0,0,1,0,3,0,0,1,1,188,69,60,30,23,1.060127903,21.11588415,74.6068042,19.08797288,10.81121837,76324.38159,0.036649215,386.73,0,78.3972637,5.359462633,3
"D4","P4082W","S1","LabCeroMin",0,0,0,2,2,0,0,3,2,135.75,46,30,35,26,2.389504077,26.52500544,77.82299794,22.76260355,10.9187574,73011.31,0.455621302,1799.18,0,82.83088757,14.40065185,5.5
"D4","OTRAS","S1","AgrCons",0,0,0,2,2,0,0,3,2,135.75,46,30,35,26,2.389504077,26.52500544,77.82299794,22.39836364,11.48718182,98021.48,0.5,1824.38,0,77.41595455,17.8284582,5.37
"D4","OTRAS","S1","AgrCons",0,0,0,2,2,0,0,2,1,171.5,46,60,28,20,0.820993804,16.16617467,76.60158586,17.65300014,13.22157402,97965.31141,0.013513514,2.6,0,82.57705413,6.378579195,6.91
"D4","P4082W","S0","LabConvTra",0,0,1,0,1,1,0,1,2,110,46,0,21,25,0.971386385,19.30618019,85.36964401,20.26954955,9.718288288,44711.3,0.018018018,136.18,0,80.76774775,4.463356805,1.2
"D4","P4082W","S0","LabConvTra",0,0,0,1,2,0,0,2,2,2.05,0,0,28,20,0.820993804,16.16617467,76.60158586,19.04981366,11.85335404,71978.71,0,2.6,0,85.58689441,3.878176962,6
"D4","P4082W","S0","LabCeroMin",0,0,0,2,2,0,0,2,1,3.045,0.46,0,28,20,0.820993804,16.16617467,76.60158586,18.97323864,11.95931818,78590.4,0,2.6,0,85.37664773,3.835446945,6.5
"D4","P4082W","S0","LabConvTra",0,0,0,1,2,1,0,1,1,2.05,0,0,22,23,1.0569118,13.67510446,34.51770002,19.03868132,11.89769231,81281.45,0,2.8,0,85.43285714,3.746967919,6.5
"D4","P4082W","S0","LabConvTra",0,0,0,1,2,0,0,1,1,2.56,0,0,28,20,0.820993804,16.16617467,76.60158586,18.981,11.99842105,84880.83,0.005263158,2.8,0,85.136,3.946518766,7
"D3","P4082W","S0","LabCeroMin",0,0,0,1,2,0,0,1,1,207,0,0,5,12,0.266354167,4.31,75.955,19.95535912,10.11508287,74543.07,0.016574586,299.16,0,80.21005525,4.258606775,5.5
"D3","P4082W","S0","LabCeroMin",0,0,0,1,2,0,0,1,1,207,0,0,5,12,0.266354167,4.31,75.955,19.95535912,10.11508287,74543.07,0.016574586,299.16,0,80.21005525,4.258606775,5.5
"D3","P4082W","S0","LabCeroMin",0,0,0,1,2,0,0,1,1,161,0,0,5,12,0.266354167,4.31,75.955,19.90712644,10.14103448,71715.14,0.017241379,297.76,0,80.07781609,4.263139207,5
"D3","P4082W","S0","LabCeroMin",0,0,0,1,2,0,0,1,1,184,0,0,5,12,0.266354167,4.31,75.955,19.86516304,10.17679348,75323.03,0.016304348,298.56,0,80.16461957,4.22736982,6
"D4","P4082W","S0","LabCeroMin",0,0,0,1,2,0,0,2,1,161,0,0,21,20,2.145932679,20.05220752,83.07396973,19.91389937,10.06201258,64800.35,0.018867925,272.86,0,80.30704403,4.281865285,5.5
"D3","P4082W","S0","LabCeroMin",0,0,0,1,2,0,0,1,1,184,0,0,5,12,0.266354167,4.31,75.955,19.8644586,10.10471338,63864.37,0.01910828,272.86,0,80.29019108,4.322169812,5.5
"D3","P4082W","S0","LabConvTra",0,1,0,0,2,0,0,2,1,161,0,0,5,12,0.266354167,4.31,75.955,19.77503226,10.126,62932.26,0.012903226,254.47,0,80.22174194,4.35922669,4.5
"D3","P4082W","S0","LabConvTra",0,0,0,0,2,0,0,2,1,161,0,0,5,12,0.266354167,4.31,75.955,20.11,9.903393939,68135.89,0.018181818,297.76,0,80.24012121,4.261812277,5
"D2","P4082W","S0","LabConvTra",0,0,1,0,2,0,0,2,1,202,46,0,40,21,0.995455014,32.0184478,87.46197115,19.86634831,10.20651685,73369.76,0.016853933,297.76,0,80.10685393,4.259176095,5
"D2","P4082W","S0","LabConvTra",0,0,1,0,2,0,0,2,1,202,46,0,40,21,0.995455014,32.0184478,87.46197115,20.06390805,10.01,71918.18,0.017241379,298.56,0,80.24465517,4.280334335,4
"D2","P4082W","S0","LabConvTra",0,0,1,0,2,0,0,2,1,230,0,0,40,21,0.995455014,32.0184478,87.46197115,20.06390805,10.01,71918.18,0.017241379,298.56,0,80.24465517,4.280334335,4
"D2","P4082W","S0","LabConvTra",0,0,1,0,2,0,0,1,1,202,46,0,40,21,0.995455014,32.0184478,87.46197115,19.95535912,10.11508287,74543.07,0.016574586,299.16,0,80.21005525,4.258606775,4.2
"D2","P4082W","S0","LabConvTra",0,1,0,0,2,0,0,1,1,202,46,0,40,21,0.995455014,32.0184478,87.46197115,19.86318919,10.18556757,75804.89,0.016216216,298.56,0,80.17308108,4.217437368,4.4
"D2","P4082W","S0","LabConvTra",0,1,1,0,2,0,0,2,1,110.25,46,0,40,21,0.995455014,32.0184478,87.46197115,19.83259669,10.1859116,74177.92,0.016574586,297.76,0,80.1118232,4.226801587,4.1
"D2","P4082W","S0","LabConvTra",0,1,0,0,2,0,0,2,1,202,46,0,40,21,0.995455014,32.0184478,87.46197115,19.802,10.19059459,75530.42,0.016216216,297.76,0,80.1072973,4.223315234,4.6
"D4","P4082W","S0","LabConvTra",0,0,1,0,2,0,0,2,0,161,0,0,17,27,1.639947917,14.93588542,58.11372396,20.06390805,10.01,71918.18,0.017241379,298.56,0,80.24465517,4.280334335,4
"D2","P4082W","S0","LabConvTra",0,0,1,0,2,0,0,2,1,179,46,0,40,21,0.995455014,32.0184478,87.46197115,20.06390805,10.01,71918.18,0.017241379,298.56,0,80.24465517,4.280334335,4.2
"D2","P4082W","S0","LabConvTra",0,1,0,0,2,0,0,2,1,170,23,0,40,21,0.995455014,32.0184478,87.46197115,19.87513812,10.21569061,74513.92,0.016574586,297.76,0,80.13696133,4.253563492,4.5
"D4","OTRAS","S1","AgrCons",0,0,0,1,1,0,0,2,1,92,0,0,22,23,1.0569118,13.67510446,34.51770002,18.76461538,12.1721978,81208.8,0.005494505,2.6,0,85.02043956,4.155726904,2.61
"D4","OTRAS","S1","AgrCons",0,0,0,2,2,0,0,3,2,135.75,46,30,35,26,2.389504077,26.52500544,77.82299794,22.39836364,11.48718182,98021.48,0.5,1824.38,0,77.41595455,17.8284582,5.57
"D4","OTRAS","S1","AgrCons",0,0,0,2,2,0,0,3,2,135.75,46,30,35,26,2.389504077,26.52500544,77.82299794,22.39836364,11.48718182,98021.48,0.5,1824.38,0,77.41595455,17.8284582,5.52
"D4","OTRAS","S1","AgrCons",0,0,0,2,2,0,0,2,1,171.5,46,60,28,20,0.820993804,16.16617467,76.60158586,17.65300014,13.22157402,97965.31141,0.013513514,2.6,0,82.57705413,6.378579195,6.37
"D4","OTRAS","S1","AgrCons",0,0,0,2,2,0,0,2,1,171.5,46,60,28,20,0.820993804,16.16617467,76.60158586,17.65300014,13.22157402,97965.31141,0.013513514,2.6,0,82.57705413,6.378579195,6.64
"D4","OTRAS","S1","AgrCons",0,0,0,1,2,0,0,1,1,170,23,0,12,21,0.602641155,11.74781449,86.45483787,19.03929348,11.91891304,82220.11,0,2.8,0,85.36059783,3.791256719,6.5
"D4","OTRAS","S0","LabConvTra",0,0,1,0,1,0,0,1,1,94.5,25.5,25.5,29,22,2.958520648,27.59935301,84.78686529,14.71267606,10.41197183,69126.63,0,493.3,0,82.82570423,5.231654797,4.16
"D4","OTRAS","S0","LabConvTra",0,0,1,0,1,0,0,1,1,86,17,17,24,29,3.444427351,25.2968481,94.67027638,14.65673759,10.46524823,68805.47,0,486,0,82.77631206,5.211296166,3.5
"D4","OTRAS","S0","LabConvTra",0,0,1,0,1,0,0,1,1,86,17,17,29,22,2.958520648,27.59935301,84.78686529,14.68344828,10.43517241,70533.64,0,506.4,0,82.85944828,5.214609389,3.5
"D4","OTRAS","S1","AgrCons",0,1,1,0,1,0,0,2,2,119,69,0,27,24,1.67,21.16875,63.22875,19.96638438,9.470765625,59547.04165,0.048192771,5993.6,0,85.19325774,4.703525216,4
"D4","P4082W","S0","LabCeroMin",0,0,0,1,2,1,0,1,2,110.4,46.6,0.2,29,22,2.958520648,27.59935301,84.78686529,17.9903161,10.00016025,52507.74038,0,1590.6,0.005154639,82.35534444,4.570389162,5
"D4","OTRAS","S0","LabConvTra",0,0,0,1,2,1,0,1,1,2.66,0.3,0.1,28,20,0.820993804,16.16617467,76.60158586,18.72489362,11.87588652,61543.21,0,2.6,0,85.79695035,3.913692802,7.5
"D4","OTRAS","S0","LabConvTra",0,0,0,1,2,0,0,2,1,3.76,0.46,0.6,28,20,0.820993804,16.16617467,76.60158586,18.83512658,11.92778481,69832.98,0,2.6,0,85.52791139,3.990693322,9
"D4","OTRAS","S0","LabConvTra",0,0,0,2,2,0,0,1,1,4.22,0.46,0,28,20,0.820993804,16.16617467,76.60158586,19.03464481,11.91240437,81711.5,0,2.8,0,85.39142077,3.778469682,8.5
"D4","OTRAS","S0","LabCeroMin",0,0,0,1,2,0,0,0,1,2.05,0,0,28,20,0.820993804,16.16617467,76.60158586,18.88289773,12.03943182,78283.77,0.005681818,2.6,0,85.228125,4.001740251,5
"D4","OTRAS","S0","LabCeroMin",0,0,0,1,2,0,0,1,1,130.5,0,0,28,20,0.820993804,16.16617467,76.60158586,19.38201117,11.52608939,79950.77,0,2.8,0,85.82418994,3.708707305,6.35
"D4","OTRAS","S1","LabConvTra",0,0,1,1,2,1,0,2,0,112.99,0.17,0.13,22,23,1.0569118,13.67510446,34.51770002,18.91727749,12.05586387,85223.7,0.005235602,2.8,0,85.08937173,3.988010667,4.5
"D4","OTRAS","S1","LabConvTra",0,1,3,0,2,0,0,1,2,160.25,46,60,28,20,0.820993804,16.16617467,76.60158586,19.06087211,11.74693787,77483.75572,0.016216216,598.59,0,80.56883538,4.747303289,7.09
"D4","OTRAS","S1","LabConvTra",0,1,3,0,2,0,0,1,2,160.25,46,60,28,20,0.820993804,16.16617467,76.60158586,19.06087211,11.74693787,77483.75572,0.016216216,598.59,0,80.56883538,4.747303289,7.52
"D4","OTRAS","S1","LabConvTra",0,0,1,0,2,0,0,2,1,133,0,0,29,22,2.958520648,27.59935301,84.78686529,18.94800945,9.406650631,39223.71038,0,1298.6,0,82.82919158,3.86713325,4.5
"D4","OTRAS","S1","AgrCons",0,0,0,1,1,0,2,2,1,87,46,0,29,22,2.958520648,27.59935301,84.78686529,18.66832028,9.490461612,43043.01038,0,1328.6,0,82.5365378,4.034340842,3.35
"D4","OTRAS","S0","LabCeroMin",0,0,0,1,2,0,1,2,1,117.75,0,0,26,26,1.175022481,18.15067472,83.421327,19.4465141,11.4261657,70522.21688,0.018072289,597.29,0,81.00243703,4.565772823,2.9
